subject,protocol,method,train_sessions,test_session,n_train,n_test,accuracy,balanced_accuracy,macro_f1,kappa
sub-001,within_session_5fold,CSP-LDA,ses-01,ses-01,100,100,0.55,0.55,0.54995499549955,0.09999999999999998
sub-001,within_session_5fold,CSP-LDA,ses-02,ses-02,100,100,0.48,0.48,0.4781212364512244,-0.040000000000000036
sub-001,within_session_5fold,CSP-LDA,ses-03,ses-03,99,99,0.5858585858585859,0.5859183673469388,0.5858585858585859,0.17180167312793304
sub-001,within_session_5fold,CSP-LDA,ses-04,ses-04,99,99,0.6060606060606061,0.6059183673469388,0.6058997652342554,0.2118799755052051
sub-001,within_session_5fold,CSP-LDA,ses-05,ses-05,94,94,0.5212765957446809,0.5217391304347826,0.5212224108658743,0.04341926729986434
sub-001,cross_session_train_1-4_test_5,CSP-LDA,"ses-01,ses-02,ses-03,ses-04",ses-05,398,94,0.5106382978723404,0.5108695652173914,0.5106382978723404,0.021719457013574694
sub-001,within_session_5fold,FBCSP-LDA,ses-01,ses-01,100,100,0.66,0.6599999999999999,0.6594551282051282,0.31999999999999995
sub-001,within_session_5fold,FBCSP-LDA,ses-02,ses-02,100,100,0.5,0.5,0.5,0.0
sub-001,within_session_5fold,FBCSP-LDA,ses-03,ses-03,99,99,0.6161616161616161,0.6161224489795918,0.6161224489795918,0.23224489795918368
sub-001,within_session_5fold,FBCSP-LDA,ses-04,ses-04,99,99,0.6464646464646465,0.646734693877551,0.6463203021333062,0.2932898225576178
sub-001,within_session_5fold,FBCSP-LDA,ses-05,ses-05,94,94,0.6914893617021277,0.6906702898550725,0.6906140052207468,0.38185941043083904
sub-001,cross_session_train_1-4_test_5,FBCSP-LDA,"ses-01,ses-02,ses-03,ses-04",ses-05,398,94,0.5212765957446809,0.5240036231884058,0.5146299483648881,0.047726249437190504
sub-002,within_session_5fold,CSP-LDA,ses-01,ses-01,92,92,0.7608695652173914,0.7608695652173914,0.7607565011820331,0.5217391304347826
sub-002,within_session_5fold,CSP-LDA,ses-02,ses-02,95,95,0.5473684210526316,0.5460992907801419,0.5400292759824343,0.0924239057987114
sub-002,within_session_5fold,CSP-LDA,ses-03,ses-03,100,100,0.48,0.4757125652348454,0.4747474747474747,-0.04881000403388458
sub-002,within_session_5fold,CSP-LDA,ses-04,ses-04,100,100,0.88,0.88,0.8799519807923168,0.76
sub-002,within_session_5fold,CSP-LDA,ses-05,ses-05,95,95,0.7473684210526316,0.7464507542147294,0.7466666666666666,0.4935584184806753
sub-002,cross_session_train_1-4_test_5,CSP-LDA,"ses-01,ses-02,ses-03,ses-04",ses-05,387,95,0.49473684210526314,0.5102040816326531,0.3485714285714286,0.019776440240756754
sub-002,within_session_5fold,FBCSP-LDA,ses-01,ses-01,92,92,0.8260869565217391,0.8260869565217391,0.825344091124822,0.6521739130434783
sub-002,within_session_5fold,FBCSP-LDA,ses-02,ses-02,95,95,0.7052631578947368,0.7043439716312057,0.7025939177101967,0.4094138543516874
sub-002,within_session_5fold,FBCSP-LDA,ses-03,ses-03,100,100,0.57,0.5654355680449619,0.5647332725984411,0.13166397415185793
sub-002,within_session_5fold,FBCSP-LDA,ses-04,ses-04,100,100,0.76,0.76,0.7599039615846338,0.52
sub-002,within_session_5fold,FBCSP-LDA,ses-05,ses-05,95,95,0.7368421052631579,0.7375776397515528,0.7368421052631579,0.4742085454947974
sub-002,cross_session_train_1-4_test_5,FBCSP-LDA,"ses-01,ses-02,ses-03,ses-04",ses-05,387,95,0.5263157894736842,0.5108695652173914,0.3639339384020235,0.022410244683283675
sub-003,within_session_5fold,CSP-LDA,ses-01,ses-01,92,92,0.4782608695652174,0.47632575757575757,0.4760322733744661,-0.04743833017077792
sub-003,within_session_5fold,CSP-LDA,ses-02,ses-02,100,100,0.35,0.35,0.34941447302572315,-0.30000000000000004
sub-003,within_session_5fold,CSP-LDA,ses-03,ses-03,92,92,0.45652173913043476,0.4553191489361702,0.4542002847650688,-0.08953102794883949
sub-003,within_session_5fold,CSP-LDA,ses-04,ses-04,100,100,0.46,0.45999999999999996,0.45978391356542614,-0.08000000000000007
sub-003,within_session_5fold,CSP-LDA,ses-05,ses-05,100,100,0.64,0.64,0.64,0.28
sub-003,cross_session_train_1-4_test_5,CSP-LDA,"ses-01,ses-02,ses-03,ses-04",ses-05,384,100,0.6,0.6,0.5894909688013137,0.19999999999999996
sub-003,within_session_5fold,FBCSP-LDA,ses-01,ses-01,92,92,0.5,0.5,0.4997635933806146,0.0
sub-003,within_session_5fold,FBCSP-LDA,ses-02,ses-02,100,100,0.61,0.61,0.60996099609961,0.21999999999999997
sub-003,within_session_5fold,FBCSP-LDA,ses-03,ses-03,92,92,0.5652173913043478,0.5640661938534279,0.5633602278120551,0.12837517764092843
sub-003,within_session_5fold,FBCSP-LDA,ses-04,ses-04,100,100,0.62,0.62,0.62,0.24
sub-003,within_session_5fold,FBCSP-LDA,ses-05,ses-05,100,100,0.65,0.6499999999999999,0.6491228070175439,0.30000000000000004
sub-003,cross_session_train_1-4_test_5,FBCSP-LDA,"ses-01,ses-02,ses-03,ses-04",ses-05,384,100,0.5,0.5,0.37996031746031744,0.0
sub-004,within_session_5fold,CSP-LDA,ses-01,ses-01,87,87,0.5287356321839081,0.5282769556025371,0.5277373229180458,0.0565987833906374
sub-004,within_session_5fold,CSP-LDA,ses-02,ses-02,97,97,0.4742268041237113,0.47406462585034015,0.4740031897926635,-0.05188177758877299
sub-004,within_session_5fold,CSP-LDA,ses-03,ses-03,91,91,0.45054945054945056,0.4476744186046512,0.44727891156462585,-0.10490529383195724
sub-004,within_session_5fold,CSP-LDA,ses-04,ses-04,100,100,0.49,0.49,0.48994899489948995,-0.020000000000000018
sub-004,within_session_5fold,CSP-LDA,ses-05,ses-05,100,100,0.62,0.62,0.62,0.24
sub-004,cross_session_train_1-4_test_5,CSP-LDA,"ses-01,ses-02,ses-03,ses-04",ses-05,375,100,0.57,0.57,0.5601023017902813,0.14
sub-004,within_session_5fold,FBCSP-LDA,ses-01,ses-01,87,87,0.5057471264367817,0.5050211416490487,0.5033851055356431,0.010055570256681579
sub-004,within_session_5fold,FBCSP-LDA,ses-02,ses-02,97,97,0.5670103092783505,0.5671768707482994,0.5669642857142857,0.13429664258393537
sub-004,within_session_5fold,FBCSP-LDA,ses-03,ses-03,91,91,0.6483516483516484,0.6460755813953488,0.6462585034013606,0.2928606119475474
sub-004,within_session_5fold,FBCSP-LDA,ses-04,ses-04,100,100,0.48,0.48,0.48,-0.040000000000000036
sub-004,within_session_5fold,FBCSP-LDA,ses-05,ses-05,100,100,0.79,0.79,0.78997899789979,0.5800000000000001
sub-004,cross_session_train_1-4_test_5,FBCSP-LDA,"ses-01,ses-02,ses-03,ses-04",ses-05,375,100,0.62,0.62,0.5766488413547237,0.24
sub-005,within_session_5fold,CSP-LDA,ses-01,ses-01,94,94,0.48936170212765956,0.4893424036281179,0.4891304347826087,-0.02127659574468077
sub-005,within_session_5fold,CSP-LDA,ses-02,ses-02,100,100,0.97,0.97,0.96999699969997,0.94
sub-005,within_session_5fold,CSP-LDA,ses-03,ses-03,93,93,0.4838709677419355,0.48311748381128583,0.48093023255813955,-0.03381194997684123
sub-005,within_session_5fold,CSP-LDA,ses-04,ses-04,99,99,0.5050505050505051,0.5051020408163265,0.5050505050505051,0.01020199959192003
sub-005,within_session_5fold,CSP-LDA,ses-05,ses-05,89,89,0.5056179775280899,0.5027805864509606,0.5005102040816326,0.005586592178770999
sub-005,cross_session_train_1-4_test_5,CSP-LDA,"ses-01,ses-02,ses-03,ses-04",ses-05,386,89,0.5393258426966292,0.5270475227502528,0.4606060606060606,0.05539735956510494
sub-005,within_session_5fold,FBCSP-LDA,ses-01,ses-01,94,94,0.5638297872340425,0.5643990929705215,0.5637804187889077,0.12844866576209857
sub-005,within_session_5fold,FBCSP-LDA,ses-02,ses-02,100,100,0.98,0.98,0.98,0.96
sub-005,within_session_5fold,FBCSP-LDA,ses-03,ses-03,93,93,0.5698924731182796,0.5689176688251618,0.5658263305322129,0.13809082483781276
sub-005,within_session_5fold,FBCSP-LDA,ses-04,ses-04,99,99,0.4444444444444444,0.44448979591836735,0.4444444444444444,-0.11099775556008984
sub-005,within_session_5fold,FBCSP-LDA,ses-05,ses-05,89,89,0.5393258426966292,0.5369059656218402,0.5355733740613465,0.0740928698299923
sub-005,cross_session_train_1-4_test_5,FBCSP-LDA,"ses-01,ses-02,ses-03,ses-04",ses-05,386,89,0.5056179775280899,0.5156723963599595,0.46326754385964913,0.03069306930693083
sub-006,within_session_5fold,CSP-LDA,ses-01,ses-01,93,93,0.946236559139785,0.9465277777777779,0.9462116830537883,0.8924358084663429
sub-006,within_session_5fold,CSP-LDA,ses-02,ses-02,94,94,0.8404255319148937,0.8405797101449275,0.8404074702886248,0.6808510638297872
sub-006,within_session_5fold,CSP-LDA,ses-03,ses-03,95,95,0.9157894736842105,0.9153368794326242,0.9155555555555556,0.831410825199645
sub-006,within_session_5fold,CSP-LDA,ses-04,ses-04,92,92,0.9456521739130435,0.9453900709219858,0.9455943228858663,0.89120151371807
sub-006,within_session_5fold,CSP-LDA,ses-05,ses-05,95,95,0.7789473684210526,0.7777284826974268,0.7780620758705084,0.5565681262502779
sub-006,cross_session_train_1-4_test_5,CSP-LDA,"ses-01,ses-02,ses-03,ses-04",ses-05,374,95,0.4421052631578947,0.440550133096717,0.43987095338747356,-0.11913758613025127
sub-006,within_session_5fold,FBCSP-LDA,ses-01,ses-01,93,93,0.6236559139784946,0.6215277777777778,0.6208503203261503,0.24390243902439024
sub-006,within_session_5fold,FBCSP-LDA,ses-02,ses-02,94,94,0.7978723404255319,0.7998188405797102,0.7967451917605555,0.5972034280559314
sub-006,within_session_5fold,FBCSP-LDA,ses-03,ses-03,95,95,0.7263157894736842,0.7265070921985816,0.7262854609929078,0.4528134692069118
sub-006,within_session_5fold,FBCSP-LDA,ses-04,ses-04,92,92,0.9239130434782609,0.924113475177305,0.923904052936311,0.8478260869565217
sub-006,within_session_5fold,FBCSP-LDA,ses-05,ses-05,95,95,0.5263157894736842,0.5261756876663709,0.5261057532424342,0.052316559521170536
sub-006,cross_session_train_1-4_test_5,FBCSP-LDA,"ses-01,ses-02,ses-03,ses-04",ses-05,374,95,0.5368421052631579,0.5403726708074534,0.5326475849731663,0.08010563380281688
sub-007,within_session_5fold,CSP-LDA,ses-01,ses-01,100,100,0.65,0.65,0.64996499649965,0.30000000000000004
sub-007,within_session_5fold,CSP-LDA,ses-02,ses-02,100,100,0.42,0.42000000000000004,0.4190705128205128,-0.15999999999999992
sub-007,within_session_5fold,CSP-LDA,ses-03,ses-03,96,96,0.46875,0.46875,0.4682306940371457,-0.0625
sub-007,within_session_5fold,CSP-LDA,ses-04,ses-04,92,92,0.5978260869565217,0.5978260869565217,0.597397989355411,0.19565217391304346
sub-007,within_session_5fold,CSP-LDA,ses-05,ses-05,100,100,0.78,0.78,0.7796474358974359,0.56
sub-007,cross_session_train_1-4_test_5,CSP-LDA,"ses-01,ses-02,ses-03,ses-04",ses-05,388,100,0.68,0.6799999999999999,0.6788438378161381,0.36
sub-007,within_session_5fold,FBCSP-LDA,ses-01,ses-01,100,100,0.49,0.49,0.4895405865278751,-0.020000000000000018
sub-007,within_session_5fold,FBCSP-LDA,ses-02,ses-02,100,100,0.57,0.5700000000000001,0.5699569956995699,0.14
sub-007,within_session_5fold,FBCSP-LDA,ses-03,ses-03,96,96,0.5729166666666666,0.5729166666666667,0.5728703201302224,0.14583333333333337
sub-007,within_session_5fold,FBCSP-LDA,ses-04,ses-04,92,92,0.5,0.5,0.49786426198386335,0.0
sub-007,within_session_5fold,FBCSP-LDA,ses-05,ses-05,100,100,0.53,0.53,0.5295766189570613,0.06000000000000005
sub-007,cross_session_train_1-4_test_5,FBCSP-LDA,"ses-01,ses-02,ses-03,ses-04",ses-05,388,100,0.48,0.48,0.4120307553143374,-0.040000000000000036
sub-008,within_session_5fold,CSP-LDA,ses-01,ses-01,100,100,0.74,0.74,0.74,0.48
sub-008,within_session_5fold,CSP-LDA,ses-02,ses-02,94,94,0.5957446808510638,0.5957446808510638,0.5950113378684807,0.19148936170212771
sub-008,within_session_5fold,CSP-LDA,ses-03,ses-03,89,89,0.7640449438202247,0.7643939393939394,0.7639257294429709,0.5283875851627555
sub-008,within_session_5fold,CSP-LDA,ses-04,ses-04,96,96,0.4270833333333333,0.42708333333333337,0.4270211611502984,-0.14583333333333326
sub-008,within_session_5fold,CSP-LDA,ses-05,ses-05,100,100,0.6,0.6000000000000001,0.5985547972701726,0.19999999999999996
sub-008,cross_session_train_1-4_test_5,CSP-LDA,"ses-01,ses-02,ses-03,ses-04",ses-05,379,100,0.5,0.5,0.3503118503118503,0.0
sub-008,within_session_5fold,FBCSP-LDA,ses-01,ses-01,100,100,0.59,0.5900000000000001,0.5889724310776943,0.18000000000000005
sub-008,within_session_5fold,FBCSP-LDA,ses-02,ses-02,94,94,0.4574468085106383,0.4574468085106383,0.4544213041993854,-0.0851063829787233
sub-008,within_session_5fold,FBCSP-LDA,ses-03,ses-03,89,89,0.550561797752809,0.5497474747474748,0.5477642276422765,0.09964592817400098
sub-008,within_session_5fold,FBCSP-LDA,ses-04,ses-04,96,96,0.4583333333333333,0.4583333333333333,0.4583333333333333,-0.08333333333333326
sub-008,within_session_5fold,FBCSP-LDA,ses-05,ses-05,100,100,0.54,0.54,0.5392628205128205,0.07999999999999996
sub-008,cross_session_train_1-4_test_5,FBCSP-LDA,"ses-01,ses-02,ses-03,ses-04",ses-05,379,100,0.53,0.53,0.39673982800667434,0.06000000000000005
sub-009,within_session_5fold,CSP-LDA,ses-01,ses-01,98,98,0.40816326530612246,0.40791666666666665,0.40791666666666665,-0.1841666666666668
sub-009,within_session_5fold,CSP-LDA,ses-02,ses-02,100,100,0.54,0.54,0.5353535353535354,0.07999999999999996
sub-009,within_session_5fold,CSP-LDA,ses-03,ses-03,100,100,0.46,0.46,0.45804897631473307,-0.08000000000000007
sub-009,within_session_5fold,CSP-LDA,ses-04,ses-04,96,96,0.6145833333333334,0.6091304347826088,0.6049382716049383,0.22036874451273047
sub-009,within_session_5fold,CSP-LDA,ses-05,ses-05,99,99,0.494949494949495,0.49428571428571433,0.49241181296144376,-0.011442582754393138
sub-009,cross_session_train_1-4_test_5,CSP-LDA,"ses-01,ses-02,ses-03,ses-04",ses-05,394,99,0.48484848484848486,0.48959183673469386,0.3430058555627846,-0.020618556701030855
sub-009,within_session_5fold,FBCSP-LDA,ses-01,ses-01,98,98,0.41836734693877553,0.41791666666666666,0.41782178217821786,-0.16423509795748226
sub-009,within_session_5fold,FBCSP-LDA,ses-02,ses-02,100,100,0.62,0.62,0.62,0.24
sub-009,within_session_5fold,FBCSP-LDA,ses-03,ses-03,100,100,0.54,0.54,0.537037037037037,0.07999999999999996
sub-009,within_session_5fold,FBCSP-LDA,ses-04,ses-04,96,96,0.4895833333333333,0.49086956521739133,0.48952794357026586,-0.018181818181818077
sub-009,within_session_5fold,FBCSP-LDA,ses-05,ses-05,99,99,0.7474747474747475,0.7471428571428571,0.747061829330608,0.4945885235858689
sub-009,cross_session_train_1-4_test_5,FBCSP-LDA,"ses-01,ses-02,ses-03,ses-04",ses-05,394,99,0.494949494949495,0.49489795918367346,0.49489795918367346,-0.010204081632652962
sub-010,within_session_5fold,CSP-LDA,ses-01,ses-01,89,89,0.5617977528089888,0.5601617795753286,0.5597970830691186,0.12059792247276413
sub-010,within_session_5fold,CSP-LDA,ses-02,ses-02,94,94,0.5,0.5,0.49949020052112836,0.0
sub-010,within_session_5fold,CSP-LDA,ses-03,ses-03,100,100,0.53,0.53,0.5288220551378446,0.06000000000000005
sub-010,within_session_5fold,CSP-LDA,ses-04,ses-04,100,100,0.53,0.53,0.5295766189570613,0.06000000000000005
sub-010,within_session_5fold,CSP-LDA,ses-05,ses-05,97,97,0.4329896907216495,0.4340986394557823,0.426898700182619,-0.1314952279957582
sub-010,cross_session_train_1-4_test_5,CSP-LDA,"ses-01,ses-02,ses-03,ses-04",ses-05,383,97,0.5051546391752577,0.5006377551020409,0.3841269841269841,0.0012870012870014325
sub-010,within_session_5fold,FBCSP-LDA,ses-01,ses-01,89,89,0.48314606741573035,0.480283114256825,0.4778061224489796,-0.03961401726764846
sub-010,within_session_5fold,FBCSP-LDA,ses-02,ses-02,94,94,0.5425531914893617,0.5425531914893618,0.542501414827391,0.08510638297872342
sub-010,within_session_5fold,FBCSP-LDA,ses-03,ses-03,100,100,0.53,0.53,0.52995299529953,0.06000000000000005
sub-010,within_session_5fold,FBCSP-LDA,ses-04,ses-04,100,100,0.69,0.69,0.6897207486738064,0.38
sub-010,within_session_5fold,FBCSP-LDA,ses-05,ses-05,97,97,0.6185567010309279,0.6186224489795918,0.6185567010309279,0.23719447396386828
sub-010,cross_session_train_1-4_test_5,FBCSP-LDA,"ses-01,ses-02,ses-03,ses-04",ses-05,383,97,0.5051546391752577,0.5102040816326531,0.35333333333333333,0.02020202020202011
sub-011,within_session_5fold,CSP-LDA,ses-01,ses-01,100,100,0.61,0.6100000000000001,0.6080795899909557,0.21999999999999997
sub-011,within_session_5fold,CSP-LDA,ses-02,ses-02,94,94,0.5,0.49773242630385484,0.4972117901445317,-0.004547521600727578
sub-011,within_session_5fold,CSP-LDA,ses-03,ses-03,100,100,0.61,0.61,0.6096486838154338,0.21999999999999997
sub-011,within_session_5fold,CSP-LDA,ses-04,ses-04,100,100,0.48,0.48,0.4797919167667067,-0.040000000000000036
sub-011,within_session_5fold,CSP-LDA,ses-05,ses-05,100,100,0.52,0.52,0.52,0.040000000000000036
sub-011,cross_session_train_1-4_test_5,CSP-LDA,"ses-01,ses-02,ses-03,ses-04",ses-05,394,100,0.51,0.51,0.43227899432278993,0.020000000000000018
sub-011,within_session_5fold,FBCSP-LDA,ses-01,ses-01,100,100,0.56,0.56,0.56,0.12
sub-011,within_session_5fold,FBCSP-LDA,ses-02,ses-02,94,94,0.4787234042553192,0.47551020408163264,0.47390062821245005,-0.04920273348519366
sub-011,within_session_5fold,FBCSP-LDA,ses-03,ses-03,100,100,0.41,0.41000000000000003,0.40518197398931344,-0.17999999999999994
sub-011,within_session_5fold,FBCSP-LDA,ses-04,ses-04,100,100,0.71,0.71,0.7097387648883995,0.42000000000000004
sub-011,within_session_5fold,FBCSP-LDA,ses-05,ses-05,100,100,0.62,0.6200000000000001,0.6186270574066639,0.24
sub-011,cross_session_train_1-4_test_5,FBCSP-LDA,"ses-01,ses-02,ses-03,ses-04",ses-05,394,100,0.5,0.5,0.3333333333333333,0.0
sub-012,within_session_5fold,CSP-LDA,ses-01,ses-01,100,100,0.5,0.5,0.4967793880837359,0.0
sub-012,within_session_5fold,CSP-LDA,ses-02,ses-02,91,91,0.5714285714285714,0.5710144927536231,0.5705989110707803,0.14213197969543145
sub-012,within_session_5fold,CSP-LDA,ses-03,ses-03,97,97,0.5360824742268041,0.5361394557823129,0.5360824742268041,0.0722635494155155
sub-012,within_session_5fold,CSP-LDA,ses-04,ses-04,87,87,0.42528735632183906,0.4246031746031746,0.4246031746031746,-0.1507936507936507
sub-012,within_session_5fold,CSP-LDA,ses-05,ses-05,83,83,0.4578313253012048,0.4562647754137116,0.45498321902816286,-0.08607153242221588
sub-012,cross_session_train_1-4_test_5,CSP-LDA,"ses-01,ses-02,ses-03,ses-04",ses-05,375,83,0.5060240963855421,0.4858156028368794,0.48164508758568164,-0.029029331720592744
sub-012,within_session_5fold,FBCSP-LDA,ses-01,ses-01,100,100,0.48,0.48,0.4797919167667067,-0.040000000000000036
sub-012,within_session_5fold,FBCSP-LDA,ses-02,ses-02,91,91,0.42857142857142855,0.4285024154589372,0.4285024154589372,-0.14299516908212562
sub-012,within_session_5fold,FBCSP-LDA,ses-03,ses-03,97,97,0.4639175257731959,0.4640731292517007,0.4638605442176871,-0.07182320441988965
sub-012,within_session_5fold,FBCSP-LDA,ses-04,ses-04,87,87,0.45977011494252873,0.4650793650793651,0.4492929292929293,-0.06901960784313732
sub-012,within_session_5fold,FBCSP-LDA,ses-05,ses-05,83,83,0.5060240963855421,0.48906619385342787,0.4869591436755616,-0.02222889756683699
sub-012,cross_session_train_1-4_test_5,FBCSP-LDA,"ses-01,ses-02,ses-03,ses-04",ses-05,375,83,0.4819277108433735,0.43528368794326244,0.3774638060352346,-0.13989140849568815
sub-013,within_session_5fold,CSP-LDA,ses-01,ses-01,100,100,0.81,0.81,0.8099809980998101,0.62
sub-013,within_session_5fold,CSP-LDA,ses-02,ses-02,94,94,0.5851063829787234,0.5857142857142856,0.5850594227504244,0.17096336499321574
sub-013,within_session_5fold,CSP-LDA,ses-03,ses-03,100,100,0.98,0.98,0.98,0.96
sub-013,within_session_5fold,CSP-LDA,ses-04,ses-04,95,95,0.6105263157894737,0.6111357586512867,0.6105263157894737,0.22182864733230023
sub-013,within_session_5fold,CSP-LDA,ses-05,ses-05,100,100,0.89,0.89,0.8899009108197378,0.78
sub-013,cross_session_train_1-4_test_5,CSP-LDA,"ses-01,ses-02,ses-03,ses-04",ses-05,389,100,0.56,0.5599999999999999,0.48574100046750823,0.12
sub-013,within_session_5fold,FBCSP-LDA,ses-01,ses-01,100,100,0.76,0.76,0.76,0.52
sub-013,within_session_5fold,FBCSP-LDA,ses-02,ses-02,94,94,0.48936170212765956,0.4884353741496599,0.4884353741496599,-0.023129251700680253
sub-013,within_session_5fold,FBCSP-LDA,ses-03,ses-03,100,100,0.84,0.84,0.84,0.6799999999999999
sub-013,within_session_5fold,FBCSP-LDA,ses-04,ses-04,95,95,0.5684210526315789,0.5696539485359362,0.5682296862875512,0.1388458987397745
sub-013,within_session_5fold,FBCSP-LDA,ses-05,ses-05,100,100,0.8,0.8,0.7992773986350863,0.6
sub-013,cross_session_train_1-4_test_5,FBCSP-LDA,"ses-01,ses-02,ses-03,ses-04",ses-05,389,100,0.5,0.5,0.3333333333333333,0.0
sub-014,within_session_5fold,CSP-LDA,ses-01,ses-01,100,100,0.51,0.51,0.5087719298245614,0.020000000000000018
sub-014,within_session_5fold,CSP-LDA,ses-02,ses-02,95,95,0.4631578947368421,0.4627659574468085,0.4622044622044622,-0.07451763140385892
sub-014,within_session_5fold,CSP-LDA,ses-03,ses-03,92,92,0.5,0.49359278595158995,0.4913461538461539,-0.012924844423169102
sub-014,within_session_5fold,CSP-LDA,ses-04,ses-04,92,92,0.532608695652174,0.5340425531914894,0.5312240786823084,0.06786050895381712
sub-014,within_session_5fold,CSP-LDA,ses-05,ses-05,100,100,0.47,0.47000000000000003,0.467390212038991,-0.06000000000000005
sub-014,cross_session_train_1-4_test_5,CSP-LDA,"ses-01,ses-02,ses-03,ses-04",ses-05,379,100,0.5,0.5,0.4429590017825312,0.0
sub-014,within_session_5fold,FBCSP-LDA,ses-01,ses-01,100,100,0.58,0.5800000000000001,0.5784825371336813,0.16000000000000003
sub-014,within_session_5fold,FBCSP-LDA,ses-02,ses-02,95,95,0.5368421052631579,0.5370124113475178,0.5367907801418439,0.07399202481169687
sub-014,within_session_5fold,FBCSP-LDA,ses-03,ses-03,92,92,0.4782608695652174,0.4774560987185572,0.4772727272727273,-0.0449597728348321
sub-014,within_session_5fold,FBCSP-LDA,ses-04,ses-04,92,92,0.391304347826087,0.3900709219858156,0.38870431893687707,-0.22027475130270013
sub-014,within_session_5fold,FBCSP-LDA,ses-05,ses-05,100,100,0.51,0.51,0.5075871771681237,0.020000000000000018
sub-014,cross_session_train_1-4_test_5,FBCSP-LDA,"ses-01,ses-02,ses-03,ses-04",ses-05,379,100,0.52,0.52,0.4285714285714286,0.040000000000000036
sub-015,within_session_5fold,CSP-LDA,ses-01,ses-01,100,100,0.52,0.52,0.5198079231692677,0.040000000000000036
sub-015,within_session_5fold,CSP-LDA,ses-02,ses-02,95,95,0.6842105263157895,0.6843971631205674,0.6841755319148937,0.3686309260079752
sub-015,within_session_5fold,CSP-LDA,ses-03,ses-03,85,85,0.4470588235294118,0.4540133779264214,0.4458315993896518,-0.09004092769440653
sub-015,within_session_5fold,CSP-LDA,ses-04,ses-04,95,95,0.6842105263157895,0.6843971631205674,0.6841755319148937,0.3686309260079752
sub-015,within_session_5fold,CSP-LDA,ses-05,ses-05,98,98,0.40816326530612246,0.4091666666666667,0.4071756362119316,-0.18121363258520362
sub-015,cross_session_train_1-4_test_5,CSP-LDA,"ses-01,ses-02,ses-03,ses-04",ses-05,375,98,0.5204081632653061,0.5120833333333333,0.4186545500441752,0.02456586192291399
sub-015,within_session_5fold,FBCSP-LDA,ses-01,ses-01,100,100,0.47,0.47,0.46994699469946993,-0.06000000000000005
sub-015,within_session_5fold,FBCSP-LDA,ses-02,ses-02,95,95,0.5894736842105263,0.5897606382978724,0.5892916528101098,0.1794019933554818
sub-015,within_session_5fold,FBCSP-LDA,ses-03,ses-03,85,85,0.47058823529411764,0.47380156075808244,0.47058823529411764,-0.05169095408303548
sub-015,within_session_5fold,FBCSP-LDA,ses-04,ses-04,95,95,0.5894736842105263,0.5897606382978724,0.5892916528101098,0.1794019933554818
sub-015,within_session_5fold,FBCSP-LDA,ses-05,ses-05,98,98,0.5,0.50125,0.49869506211504333,0.002492729538845051
sub-015,cross_session_train_1-4_test_5,FBCSP-LDA,"ses-01,ses-02,ses-03,ses-04",ses-05,375,98,0.5102040816326531,0.5,0.33783783783783783,0.0
sub-016,within_session_5fold,CSP-LDA,ses-01,ses-01,100,100,0.56,0.56,0.5584102769971899,0.12
sub-016,within_session_5fold,CSP-LDA,ses-02,ses-02,100,100,0.52,0.52,0.5151515151515151,0.040000000000000036
sub-016,within_session_5fold,CSP-LDA,ses-03,ses-03,100,100,0.62,0.62,0.6175523349436394,0.24
sub-016,within_session_5fold,CSP-LDA,ses-04,ses-04,95,95,0.6526315789473685,0.6538120567375887,0.6487394957983194,0.3068759672783551
sub-016,within_session_5fold,CSP-LDA,ses-05,ses-05,91,91,0.5274725274725275,0.5258704061895552,0.5254093389933293,0.05185364671674342
sub-016,cross_session_train_1-4_test_5,CSP-LDA,"ses-01,ses-02,ses-03,ses-04",ses-05,395,91,0.5824175824175825,0.5848646034816247,0.5811531007751938,0.16875000000000007
sub-016,within_session_5fold,FBCSP-LDA,ses-01,ses-01,100,100,0.51,0.51,0.5087719298245614,0.020000000000000018
sub-016,within_session_5fold,FBCSP-LDA,ses-02,ses-02,100,100,0.7,0.7,0.7,0.4
sub-016,within_session_5fold,FBCSP-LDA,ses-03,ses-03,100,100,0.69,0.69,0.6892230576441103,0.38
sub-016,within_session_5fold,FBCSP-LDA,ses-04,ses-04,95,95,0.8210526315789474,0.8215868794326242,0.8207348207348207,0.6424618109364623
sub-016,within_session_5fold,FBCSP-LDA,ses-05,ses-05,91,91,0.5494505494505495,0.5493230174081238,0.5492328138214329,0.09857453491181445
sub-016,cross_session_train_1-4_test_5,FBCSP-LDA,"ses-01,ses-02,ses-03,ses-04",ses-05,395,91,0.4725274725274725,0.4792069632495164,0.45345345345345345,-0.04099142040038117
sub-017,within_session_5fold,CSP-LDA,ses-01,ses-01,100,100,0.67,0.6699999999999999,0.6691729323308271,0.33999999999999997
sub-017,within_session_5fold,CSP-LDA,ses-02,ses-02,100,100,0.42,0.42000000000000004,0.41976790716286516,-0.15999999999999992
sub-017,within_session_5fold,CSP-LDA,ses-03,ses-03,98,98,0.40816326530612246,0.4091666666666667,0.4071756362119316,-0.18121363258520362
sub-017,within_session_5fold,CSP-LDA,ses-04,ses-04,100,100,0.56,0.56,0.5584102769971899,0.12
sub-017,within_session_5fold,CSP-LDA,ses-05,ses-05,95,95,0.5368421052631579,0.5365691489361701,0.536379769299024,0.07317073170731703
sub-017,cross_session_train_1-4_test_5,CSP-LDA,"ses-01,ses-02,ses-03,ses-04",ses-05,398,95,0.49473684210526314,0.49069148936170215,0.4043887147335423,-0.018766756032171372
sub-017,within_session_5fold,FBCSP-LDA,ses-01,ses-01,100,100,0.74,0.74,0.7383252818035426,0.48
sub-017,within_session_5fold,FBCSP-LDA,ses-02,ses-02,100,100,0.46,0.45999999999999996,0.45978391356542614,-0.08000000000000007
sub-017,within_session_5fold,FBCSP-LDA,ses-03,ses-03,98,98,0.5,0.50125,0.49869506211504333,0.002492729538845051
sub-017,within_session_5fold,FBCSP-LDA,ses-04,ses-04,100,100,0.51,0.51,0.5087719298245614,0.020000000000000018
sub-017,within_session_5fold,FBCSP-LDA,ses-05,ses-05,95,95,0.4,0.39937943262411346,0.3975970630770942,-0.20146438872864447
sub-017,cross_session_train_1-4_test_5,FBCSP-LDA,"ses-01,ses-02,ses-03,ses-04",ses-05,398,95,0.45263157894736844,0.4570035460992908,0.34168443496801704,-0.0852372583479788
sub-018,within_session_5fold,CSP-LDA,ses-01,ses-01,94,94,0.5,0.4995471014492754,0.49949020052112836,-0.0009062075215224841
sub-018,within_session_5fold,CSP-LDA,ses-02,ses-02,100,100,0.5,0.5,0.49979991996798717,0.0
sub-018,within_session_5fold,CSP-LDA,ses-03,ses-03,100,100,0.61,0.61,0.6096486838154338,0.21999999999999997
sub-018,within_session_5fold,CSP-LDA,ses-04,ses-04,100,100,0.52,0.52,0.5151515151515151,0.040000000000000036
sub-018,within_session_5fold,CSP-LDA,ses-05,ses-05,100,100,0.62,0.62,0.6175523349436394,0.24
sub-018,cross_session_train_1-4_test_5,CSP-LDA,"ses-01,ses-02,ses-03,ses-04",ses-05,394,100,0.55,0.55,0.52,0.09999999999999998
sub-018,within_session_5fold,FBCSP-LDA,ses-01,ses-01,94,94,0.43617021276595747,0.43523550724637683,0.43457042333446827,-0.12970521541950109
sub-018,within_session_5fold,FBCSP-LDA,ses-02,ses-02,100,100,0.54,0.54,0.5353535353535354,0.07999999999999996
sub-018,within_session_5fold,FBCSP-LDA,ses-03,ses-03,100,100,0.48,0.48,0.4797919167667067,-0.040000000000000036
sub-018,within_session_5fold,FBCSP-LDA,ses-04,ses-04,100,100,0.7,0.7,0.7,0.4
sub-018,within_session_5fold,FBCSP-LDA,ses-05,ses-05,100,100,0.69,0.69,0.6892230576441103,0.38
sub-018,cross_session_train_1-4_test_5,FBCSP-LDA,"ses-01,ses-02,ses-03,ses-04",ses-05,394,100,0.52,0.52,0.39117199391172,0.040000000000000036
sub-019,within_session_5fold,CSP-LDA,ses-01,ses-01,95,95,0.7157894736842105,0.7151730257320319,0.7152847152847153,0.4306326304106548
sub-019,within_session_5fold,CSP-LDA,ses-02,ses-02,95,95,0.6526315789473685,0.6538120567375887,0.6487394957983194,0.3068759672783551
sub-019,within_session_5fold,CSP-LDA,ses-03,ses-03,94,94,0.8404255319148937,0.8396825396825396,0.8399727613210759,0.6799818429414435
sub-019,within_session_5fold,CSP-LDA,ses-04,ses-04,92,92,0.4782608695652174,0.47801418439716314,0.47801418439716314,-0.04397163120567371
sub-019,within_session_5fold,CSP-LDA,ses-05,ses-05,93,93,0.6774193548387096,0.6753246753246753,0.6755813953488372,0.35146443514644354
sub-019,cross_session_train_1-4_test_5,CSP-LDA,"ses-01,ses-02,ses-03,ses-04",ses-05,376,93,0.44086021505376344,0.4346011131725417,0.42971698113207546,-0.1320224719101124
sub-019,within_session_5fold,FBCSP-LDA,ses-01,ses-01,95,95,0.6,0.596938775510204,0.594564240790656,0.19491525423728817
sub-019,within_session_5fold,FBCSP-LDA,ses-02,ses-02,95,95,0.8210526315789474,0.8215868794326242,0.8207348207348207,0.6424618109364623
sub-019,within_session_5fold,FBCSP-LDA,ses-03,ses-03,94,94,0.5957446808510638,0.5950113378684807,0.5950113378684807,0.19002267573696152
sub-019,within_session_5fold,FBCSP-LDA,ses-04,ses-04,92,92,0.5,0.500709219858156,0.4997635933806146,0.0014157621519585994
sub-019,within_session_5fold,FBCSP-LDA,ses-05,ses-05,93,93,0.5483870967741935,0.5459183673469388,0.5458139534883721,0.09205020920502094
sub-019,cross_session_train_1-4_test_5,FBCSP-LDA,"ses-01,ses-02,ses-03,ses-04",ses-05,376,93,0.44086021505376344,0.4659090909090909,0.30597014925373134,-0.0647291941875825
sub-020,within_session_5fold,CSP-LDA,ses-01,ses-01,89,89,0.9213483146067416,0.9214646464646464,0.9213483146067416,0.8427164857359253
sub-020,within_session_5fold,CSP-LDA,ses-02,ses-02,100,100,0.97,0.97,0.9699729756781104,0.94
sub-020,within_session_5fold,CSP-LDA,ses-03,ses-03,100,100,0.43,0.43,0.4285714285714286,-0.1399999999999999
sub-020,within_session_5fold,CSP-LDA,ses-04,ses-04,100,100,1.0,1.0,1.0,1.0
sub-020,within_session_5fold,CSP-LDA,ses-05,ses-05,100,100,1.0,1.0,1.0,1.0
sub-020,cross_session_train_1-4_test_5,CSP-LDA,"ses-01,ses-02,ses-03,ses-04",ses-05,389,100,0.56,0.56,0.45436507936507936,0.12
sub-020,within_session_5fold,FBCSP-LDA,ses-01,ses-01,89,89,0.8202247191011236,0.8204545454545455,0.8202020202020202,0.6405855628470469
sub-020,within_session_5fold,FBCSP-LDA,ses-02,ses-02,100,100,0.96,0.96,0.959983993597439,0.92
sub-020,within_session_5fold,FBCSP-LDA,ses-03,ses-03,100,100,0.43,0.43,0.4285714285714286,-0.1399999999999999
sub-020,within_session_5fold,FBCSP-LDA,ses-04,ses-04,100,100,0.96,0.96,0.96,0.92
sub-020,within_session_5fold,FBCSP-LDA,ses-05,ses-05,100,100,0.95,0.95,0.9499949994999499,0.9
sub-020,cross_session_train_1-4_test_5,FBCSP-LDA,"ses-01,ses-02,ses-03,ses-04",ses-05,389,100,0.49,0.49,0.3985139757046821,-0.020000000000000018
sub-021,within_session_5fold,CSP-LDA,ses-01,ses-01,94,94,0.8617021276595744,0.8617021276595744,0.8616864742501416,0.7234042553191489
sub-021,within_session_5fold,CSP-LDA,ses-02,ses-02,99,99,0.5454545454545454,0.5444897959183673,0.5407689928873312,0.0891433244735228
sub-021,within_session_5fold,CSP-LDA,ses-03,ses-03,93,93,0.8279569892473119,0.8286308973172988,0.8274582560296846,0.6563510392609699
sub-021,within_session_5fold,CSP-LDA,ses-04,ses-04,100,100,0.89,0.89,0.8899889988998899,0.78
sub-021,within_session_5fold,CSP-LDA,ses-05,ses-05,96,96,0.7604166666666666,0.7605297438124186,0.7603906673901248,0.5208333333333333
sub-021,cross_session_train_1-4_test_5,CSP-LDA,"ses-01,ses-02,ses-03,ses-04",ses-05,386,96,0.71875,0.7184107685627443,0.718475073313783,0.4370112945264987
sub-021,within_session_5fold,FBCSP-LDA,ses-01,ses-01,94,94,0.7553191489361702,0.7553191489361701,0.7546249006923165,0.5106382978723405
sub-021,within_session_5fold,FBCSP-LDA,ses-02,ses-02,99,99,0.6363636363636364,0.6369387755102041,0.6354337152209493,0.273542600896861
sub-021,within_session_5fold,FBCSP-LDA,ses-03,ses-03,93,93,0.6666666666666666,0.6672062904717854,0.6660488821962238,0.33402633402633397
sub-021,within_session_5fold,FBCSP-LDA,ses-04,ses-04,100,100,0.7,0.7,0.6995192307692308,0.4
sub-021,within_session_5fold,FBCSP-LDA,ses-05,ses-05,96,96,0.71875,0.7179765523230568,0.717984985311718,0.4365217391304348
sub-021,cross_session_train_1-4_test_5,FBCSP-LDA,"ses-01,ses-02,ses-03,ses-04",ses-05,386,96,0.5416666666666666,0.5319148936170213,0.40507042253521125,0.06507304116865875
sub-022,within_session_5fold,CSP-LDA,ses-01,ses-01,87,87,0.47126436781609193,0.4719873150105708,0.4695121951219512,-0.055936675461741414
sub-022,within_session_5fold,CSP-LDA,ses-02,ses-02,100,100,0.86,0.86,0.8599439775910365,0.72
sub-022,within_session_5fold,CSP-LDA,ses-03,ses-03,100,100,0.45,0.45,0.4499449944994499,-0.10000000000000009
sub-022,within_session_5fold,CSP-LDA,ses-04,ses-04,100,100,0.92,0.9199999999999999,0.9199679871948779,0.84
sub-022,within_session_5fold,CSP-LDA,ses-05,ses-05,93,93,0.5698924731182796,0.5708333333333333,0.5698427382053655,0.1412742382271468
sub-022,cross_session_train_1-4_test_5,CSP-LDA,"ses-01,ses-02,ses-03,ses-04",ses-05,387,93,0.46236559139784944,0.46458333333333335,0.46080705009276435,-0.07044198895027631
sub-022,within_session_5fold,FBCSP-LDA,ses-01,ses-01,87,87,0.5172413793103449,0.5171775898520085,0.5171775898520085,0.034355179704016914
sub-022,within_session_5fold,FBCSP-LDA,ses-02,ses-02,100,100,0.72,0.72,0.719551282051282,0.43999999999999995
sub-022,within_session_5fold,FBCSP-LDA,ses-03,ses-03,100,100,0.47,0.47,0.46994699469946993,-0.06000000000000005
sub-022,within_session_5fold,FBCSP-LDA,ses-04,ses-04,100,100,0.69,0.69,0.6884735202492211,0.38
sub-022,within_session_5fold,FBCSP-LDA,ses-05,ses-05,93,93,0.4731182795698925,0.47291666666666665,0.47287449392712555,-0.05412907702984038
sub-022,cross_session_train_1-4_test_5,FBCSP-LDA,"ses-01,ses-02,ses-03,ses-04",ses-05,387,93,0.4731182795698925,0.4652777777777778,0.4355258268301747,-0.07047216349541907
sub-023,within_session_5fold,CSP-LDA,ses-01,ses-01,96,96,0.5520833333333334,0.5520833333333333,0.5508649766075508,0.10416666666666663
sub-023,within_session_5fold,CSP-LDA,ses-02,ses-02,94,94,0.6063829787234043,0.6059782608695652,0.6059816472187607,0.21205256003624828
sub-023,within_session_5fold,CSP-LDA,ses-03,ses-03,99,99,0.7575757575757576,0.756938775510204,0.756357670221493,0.5145075602778912
sub-023,within_session_5fold,CSP-LDA,ses-04,ses-04,100,100,0.87,0.87,0.8699869986998701,0.74
sub-023,within_session_5fold,CSP-LDA,ses-05,ses-05,97,97,0.6185567010309279,0.6181972789115646,0.6179069519855211,0.23654541586896405
sub-023,cross_session_train_1-4_test_5,CSP-LDA,"ses-01,ses-02,ses-03,ses-04",ses-05,389,97,0.5051546391752577,0.5074404761904762,0.4808206958073149,0.014811680067710609
sub-023,within_session_5fold,FBCSP-LDA,ses-01,ses-01,96,96,0.6354166666666666,0.6354166666666666,0.6350602802215706,0.27083333333333337
sub-023,within_session_5fold,FBCSP-LDA,ses-02,ses-02,94,94,0.7021276595744681,0.7015398550724637,0.7015873015873015,0.4034451495920218
sub-023,within_session_5fold,FBCSP-LDA,ses-03,ses-03,99,99,0.6161616161616161,0.616326530612245,0.6161224489795918,0.2325581395348837
sub-023,within_session_5fold,FBCSP-LDA,ses-04,ses-04,100,100,0.63,0.63,0.6296667000300271,0.26
sub-023,within_session_5fold,FBCSP-LDA,ses-05,ses-05,97,97,0.6288659793814433,0.629251700680272,0.6285106382978723,0.2582837723024639
sub-023,cross_session_train_1-4_test_5,FBCSP-LDA,"ses-01,ses-02,ses-03,ses-04",ses-05,389,97,0.5051546391752577,0.5023384353741497,0.46359447004608295,0.004702864471996748
sub-024,within_session_5fold,CSP-LDA,ses-01,ses-01,74,74,0.47297297297297297,0.46776556776556777,0.46506024096385545,-0.06494464944649447
sub-024,within_session_5fold,CSP-LDA,ses-02,ses-02,82,82,0.5121951219512195,0.5095693779904306,0.5095693779904306,0.019138755980861233
sub-024,within_session_5fold,CSP-LDA,ses-03,ses-03,83,83,0.6626506024096386,0.6613372093023255,0.6614219114219114,0.3232382061735585
sub-024,within_session_5fold,CSP-LDA,ses-04,ses-04,98,98,0.5408163265306123,0.5420833333333333,0.5396179141872847,0.08392189447444953
sub-024,within_session_5fold,CSP-LDA,ses-05,ses-05,100,100,0.54,0.54,0.54,0.07999999999999996
sub-024,cross_session_train_1-4_test_5,CSP-LDA,"ses-01,ses-02,ses-03,ses-04",ses-05,337,100,0.55,0.55,0.5331465919701214,0.09999999999999998
sub-024,within_session_5fold,FBCSP-LDA,ses-01,ses-01,74,74,0.44594594594594594,0.44505494505494503,0.4450338394000366,-0.10972933430870535
sub-024,within_session_5fold,FBCSP-LDA,ses-02,ses-02,82,82,0.5487804878048781,0.5436602870813397,0.5432786391690501,0.0877931449188214
sub-024,within_session_5fold,FBCSP-LDA,ses-03,ses-03,83,83,0.5542168674698795,0.5523255813953488,0.5518750912009338,0.10492567764500138
sub-024,within_session_5fold,FBCSP-LDA,ses-04,ses-04,98,98,0.5816326530612245,0.5829166666666667,0.580540766259526,0.165351059410054
sub-024,within_session_5fold,FBCSP-LDA,ses-05,ses-05,100,100,0.44,0.44,0.4391025641025641,-0.1200000000000001
sub-024,cross_session_train_1-4_test_5,FBCSP-LDA,"ses-01,ses-02,ses-03,ses-04",ses-05,337,100,0.5,0.5,0.3503118503118503,0.0
sub-025,within_session_5fold,CSP-LDA,ses-01,ses-01,88,88,0.5113636363636364,0.5108527131782945,0.5107950872656755,0.021716649431230528
sub-025,within_session_5fold,CSP-LDA,ses-02,ses-02,92,92,0.4782608695652174,0.47895981087470446,0.47801418439716314,-0.0420009438414346
sub-025,within_session_5fold,CSP-LDA,ses-03,ses-03,94,94,0.3404255319148936,0.3392210144927536,0.33772727272727276,-0.32214156079854805
sub-025,within_session_5fold,CSP-LDA,ses-04,ses-04,88,88,0.5681818181818182,0.5674418604651162,0.5672877846790891,0.13502327987584062
sub-025,within_session_5fold,CSP-LDA,ses-05,ses-05,100,100,0.45,0.45,0.4499449944994499,-0.10000000000000009
sub-025,cross_session_train_1-4_test_5,CSP-LDA,"ses-01,ses-02,ses-03,ses-04",ses-05,362,100,0.5,0.5,0.36580416032470825,0.0
sub-025,within_session_5fold,FBCSP-LDA,ses-01,ses-01,88,88,0.7613636363636364,0.7609819121447028,0.7610859728506787,0.5222337125129266
sub-025,within_session_5fold,FBCSP-LDA,ses-02,ses-02,92,92,0.7391304347826086,0.7375886524822695,0.7371428571428571,0.4765291607396871
sub-025,within_session_5fold,FBCSP-LDA,ses-03,ses-03,94,94,0.648936170212766,0.6480978260869565,0.6479400749063671,0.29659863945578235
sub-025,within_session_5fold,FBCSP-LDA,ses-04,ses-04,88,88,0.7840909090909091,0.7847545219638243,0.7840630246674416,0.5686274509803921
sub-025,within_session_5fold,FBCSP-LDA,ses-05,ses-05,100,100,0.79,0.79,0.78997899789979,0.5800000000000001
sub-025,cross_session_train_1-4_test_5,FBCSP-LDA,"ses-01,ses-02,ses-03,ses-04",ses-05,362,100,0.56,0.56,0.5098039215686274,0.12
