subject,method,lambda_stability,band,mean_score,session_std,weight
sub-001,FBCSP-equal,1.0,4-8Hz,0.53,0.033166247903554026,1.0
sub-001,FBCSP-equal,1.0,8-12Hz,0.535,0.021794494717703387,1.0
sub-001,FBCSP-equal,1.0,12-16Hz,0.56,0.05099019513592786,1.0
sub-001,FBCSP-equal,1.0,16-20Hz,0.515,0.016583123951777013,1.0
sub-001,FBCSP-equal,1.0,20-24Hz,0.53,0.04999999999999999,1.0
sub-001,FBCSP-equal,1.0,24-28Hz,0.53,0.09848857801796103,1.0
sub-001,FBCSP-equal,1.0,28-32Hz,0.54,0.07348469228349536,1.0
sub-001,FBCSP-equal,1.0,32-36Hz,0.54,0.05656854249492379,1.0
sub-001,FBCSP-equal,1.0,36-40Hz,0.49,0.05,1.0
sub-001,FBCSP-discriminative-weighted,1.0,4-8Hz,0.53,0.033166247903554026,0.07362186992163658
sub-001,FBCSP-discriminative-weighted,1.0,8-12Hz,0.535,0.021794494717703387,0.09703915071001598
sub-001,FBCSP-discriminative-weighted,1.0,12-16Hz,0.56,0.05099019513592786,0.38605368476151475
sub-001,FBCSP-discriminative-weighted,1.0,16-20Hz,0.515,0.016583123951777013,0.03215040253589053
sub-001,FBCSP-discriminative-weighted,1.0,20-24Hz,0.53,0.04999999999999999,0.07362186992163658
sub-001,FBCSP-discriminative-weighted,1.0,24-28Hz,0.53,0.09848857801796103,0.07362186992163658
sub-001,FBCSP-discriminative-weighted,1.0,28-32Hz,0.54,0.07348469228349536,0.12790488452064935
sub-001,FBCSP-discriminative-weighted,1.0,32-36Hz,0.54,0.05656854249492379,0.12790488452064935
sub-001,FBCSP-discriminative-weighted,1.0,36-40Hz,0.49,0.05,0.008081383186370186
sub-001,Stable-FBCSP,1.0,4-8Hz,0.53,0.033166247903554026,0.1239038774870096
sub-001,Stable-FBCSP,1.0,8-12Hz,0.535,0.021794494717703387,0.2628069015551399
sub-001,Stable-FBCSP,1.0,12-16Hz,0.56,0.05099019513592786,0.30823720458818743
sub-001,Stable-FBCSP,1.0,16-20Hz,0.515,0.016583123951777013,0.1082831371355755
sub-001,Stable-FBCSP,1.0,20-24Hz,0.53,0.04999999999999999,0.06126817022498569
sub-001,Stable-FBCSP,1.0,24-28Hz,0.53,0.09848857801796103,0.008058477667257653
sub-001,Stable-FBCSP,1.0,28-32Hz,0.54,0.07348469228349536,0.039849717473137876
sub-001,Stable-FBCSP,1.0,32-36Hz,0.54,0.05656854249492379,0.08086718128420545
sub-001,Stable-FBCSP,1.0,36-40Hz,0.49,0.05,0.006725332584500847
sub-002,FBCSP-equal,1.0,4-8Hz,0.5937409420289854,0.1460105039890145,1.0
sub-002,FBCSP-equal,1.0,8-12Hz,0.4892129629629629,0.022436610523195056,1.0
sub-002,FBCSP-equal,1.0,12-16Hz,0.4842954911433172,0.07114547923500648,1.0
sub-002,FBCSP-equal,1.0,16-20Hz,0.5031994766505636,0.05068071988940383,1.0
sub-002,FBCSP-equal,1.0,20-24Hz,0.555481078904992,0.04959595740946168,1.0
sub-002,FBCSP-equal,1.0,24-28Hz,0.5703190418679549,0.06550886793042549,1.0
sub-002,FBCSP-equal,1.0,28-32Hz,0.5189070048309179,0.014453301525282963,1.0
sub-002,FBCSP-equal,1.0,32-36Hz,0.5956924315619968,0.06703157862996983,1.0
sub-002,FBCSP-equal,1.0,36-40Hz,0.546286231884058,0.035555622731341475,1.0
sub-002,FBCSP-discriminative-weighted,1.0,4-8Hz,0.5937409420289854,0.1460105039890145,0.26953852388685795
sub-002,FBCSP-discriminative-weighted,1.0,8-12Hz,0.4892129629629629,0.022436610523195056,0.020237992670790777
sub-002,FBCSP-discriminative-weighted,1.0,12-16Hz,0.4842954911433172,0.07114547923500648,0.017917112833361358
sub-002,FBCSP-discriminative-weighted,1.0,16-20Hz,0.5031994766505636,0.05068071988940383,0.028617158516926238
sub-002,FBCSP-discriminative-weighted,1.0,20-24Hz,0.555481078904992,0.04959595740946168,0.10448228997797745
sub-002,FBCSP-discriminative-weighted,1.0,24-28Hz,0.5703190418679549,0.06550886793042549,0.15089024773730916
sub-002,FBCSP-discriminative-weighted,1.0,28-32Hz,0.5189070048309179,0.014453301525282963,0.04222788141952178
sub-002,FBCSP-discriminative-weighted,1.0,32-36Hz,0.5956924315619968,0.06703157862996983,0.282887577259197
sub-002,FBCSP-discriminative-weighted,1.0,36-40Hz,0.546286231884058,0.035555622731341475,0.08320121569805837
sub-002,Stable-FBCSP,1.0,4-8Hz,0.5937409420289854,0.1460105039890145,0.026624557360389337
sub-002,Stable-FBCSP,1.0,8-12Hz,0.4892129629629629,0.022436610523195056,0.060272635918410145
sub-002,Stable-FBCSP,1.0,12-16Hz,0.4842954911433172,0.07114547923500648,0.013935790029100604
sub-002,Stable-FBCSP,1.0,16-20Hz,0.5031994766505636,0.05068071988940383,0.039126566769113996
sub-002,Stable-FBCSP,1.0,20-24Hz,0.555481078904992,0.04959595740946168,0.14718837224318154
sub-002,Stable-FBCSP,1.0,24-28Hz,0.5703190418679549,0.06550886793042549,0.13708819845868758
sub-002,Stable-FBCSP,1.0,28-32Hz,0.5189070048309179,0.014453301525282963,0.15671821218430698
sub-002,Stable-FBCSP,1.0,32-36Hz,0.5956924315619968,0.06703157862996983,0.24644757574614443
sub-002,Stable-FBCSP,1.0,36-40Hz,0.546286231884058,0.035555622731341475,0.17259809129066542
sub-003,FBCSP-equal,1.0,4-8Hz,0.49120965085639,0.046873081263533053,1.0
sub-003,FBCSP-equal,1.0,8-12Hz,0.4960581357048749,0.04872317719637858,1.0
sub-003,FBCSP-equal,1.0,12-16Hz,0.5019482872200264,0.040647488634019624,1.0
sub-003,FBCSP-equal,1.0,16-20Hz,0.4754331357048749,0.06992229842775938,1.0
sub-003,FBCSP-equal,1.0,20-24Hz,0.5148254281949934,0.09412366695059886,1.0
sub-003,FBCSP-equal,1.0,24-28Hz,0.5473443675889328,0.07680557840305802,1.0
sub-003,FBCSP-equal,1.0,28-32Hz,0.46552783267457176,0.027051605854538266,1.0
sub-003,FBCSP-equal,1.0,32-36Hz,0.4724398880105402,0.028419734251032065,1.0
sub-003,FBCSP-equal,1.0,36-40Hz,0.4749950592885376,0.07740333954462791,1.0
sub-003,FBCSP-discriminative-weighted,1.0,4-8Hz,0.49120965085639,0.046873081263533053,0.054649280279701784
sub-003,FBCSP-discriminative-weighted,1.0,8-12Hz,0.4960581357048749,0.04872317719637858,0.06669563513856513
sub-003,FBCSP-discriminative-weighted,1.0,12-16Hz,0.5019482872200264,0.040647488634019624,0.08495660492493579
sub-003,FBCSP-discriminative-weighted,1.0,16-20Hz,0.4754331357048749,0.06992229842775938,0.028581128087081895
sub-003,FBCSP-discriminative-weighted,1.0,20-24Hz,0.5148254281949934,0.09412366695059886,0.14420085257836326
sub-003,FBCSP-discriminative-weighted,1.0,24-28Hz,0.5473443675889328,0.07680557840305802,0.5485459261650807
sub-003,FBCSP-discriminative-weighted,1.0,28-32Hz,0.46552783267457176,0.027051605854538266,0.019025500058132964
sub-003,FBCSP-discriminative-weighted,1.0,32-36Hz,0.4724398880105402,0.028419734251032065,0.025273765521859736
sub-003,FBCSP-discriminative-weighted,1.0,36-40Hz,0.4749950592885376,0.07740333954462791,0.028071307246278827
sub-003,Stable-FBCSP,1.0,4-8Hz,0.49120965085639,0.046873081263533053,0.10698191109036603
sub-003,Stable-FBCSP,1.0,8-12Hz,0.4960581357048749,0.04872317719637858,0.12020148359766798
sub-003,Stable-FBCSP,1.0,12-16Hz,0.5019482872200264,0.040647488634019624,0.2196707995794291
sub-003,Stable-FBCSP,1.0,16-20Hz,0.4754331357048749,0.06992229842775938,0.01997013503909661
sub-003,Stable-FBCSP,1.0,20-24Hz,0.5148254281949934,0.09412366695059886,0.03415702112335235
sub-003,Stable-FBCSP,1.0,24-28Hz,0.5473443675889328,0.07680557840305802,0.28177245053654326
sub-003,Stable-FBCSP,1.0,28-32Hz,0.46552783267457176,0.027051605854538266,0.09032965074574067
sub-003,Stable-FBCSP,1.0,32-36Hz,0.4724398880105402,0.028419734251032065,0.11287727531515428
sub-003,Stable-FBCSP,1.0,36-40Hz,0.4749950592885376,0.07740333954462791,0.014039272972649773
sub-004,FBCSP-equal,1.0,4-8Hz,0.5268939393939394,0.018715801380222757,1.0
sub-004,FBCSP-equal,1.0,8-12Hz,0.5237878787878788,0.0204694810790939,1.0
sub-004,FBCSP-equal,1.0,12-16Hz,0.5301325757575758,0.04685409696162198,1.0
sub-004,FBCSP-equal,1.0,16-20Hz,0.5204734848484849,0.0148512264591716,1.0
sub-004,FBCSP-equal,1.0,20-24Hz,0.47960227272727274,0.06814231547157965,1.0
sub-004,FBCSP-equal,1.0,24-28Hz,0.5454734848484848,0.05525517790141804,1.0
sub-004,FBCSP-equal,1.0,28-32Hz,0.5260037878787879,0.03318326130631025,1.0
sub-004,FBCSP-equal,1.0,32-36Hz,0.5010037878787879,0.01662282240963486,1.0
sub-004,FBCSP-equal,1.0,36-40Hz,0.5335416666666668,0.05894497750973014,1.0
sub-004,FBCSP-discriminative-weighted,1.0,4-8Hz,0.5268939393939394,0.018715801380222757,0.1086025425349753
sub-004,FBCSP-discriminative-weighted,1.0,8-12Hz,0.5237878787878788,0.0204694810790939,0.09166588581442037
sub-004,FBCSP-discriminative-weighted,1.0,12-16Hz,0.5301325757575758,0.04685409696162198,0.12960300941373545
sub-004,FBCSP-discriminative-weighted,1.0,16-20Hz,0.5204734848484849,0.0148512264591716,0.07649564972580736
sub-004,FBCSP-discriminative-weighted,1.0,20-24Hz,0.47960227272727274,0.06814231547157965,0.00821758188133605
sub-004,FBCSP-discriminative-weighted,1.0,24-28Hz,0.5454734848484848,0.05525517790141804,0.29942398119898334
sub-004,FBCSP-discriminative-weighted,1.0,28-32Hz,0.5260037878787879,0.03318326130631025,0.10345180358454516
sub-004,FBCSP-discriminative-weighted,1.0,32-36Hz,0.5010037878787879,0.01662282240963486,0.026429455980171875
sub-004,FBCSP-discriminative-weighted,1.0,36-40Hz,0.5335416666666668,0.05894497750973014,0.15611008986602515
sub-004,Stable-FBCSP,1.0,4-8Hz,0.5268939393939394,0.018715801380222757,0.23555376912410103
sub-004,Stable-FBCSP,1.0,8-12Hz,0.5237878787878788,0.0204694810790939,0.18168914561585472
sub-004,Stable-FBCSP,1.0,12-16Hz,0.5301325757575758,0.04685409696162198,0.0662265206728279
sub-004,Stable-FBCSP,1.0,16-20Hz,0.5204734848484849,0.0148512264591716,0.20235539433061442
sub-004,Stable-FBCSP,1.0,20-24Hz,0.47960227272727274,0.06814231547157965,0.0014065961211130649
sub-004,Stable-FBCSP,1.0,24-28Hz,0.5454734848484848,0.05525517790141804,0.09936994834935671
sub-004,Stable-FBCSP,1.0,28-32Hz,0.5260037878787879,0.03318326130631025,0.10670486523733706
sub-004,Stable-FBCSP,1.0,32-36Hz,0.5010037878787879,0.01662282240963486,0.06383188880251313
sub-004,Stable-FBCSP,1.0,36-40Hz,0.5335416666666668,0.05894497750973014,0.04286187174628195
sub-005,FBCSP-equal,1.0,4-8Hz,0.6103260869565217,0.04147148677707302,1.0
sub-005,FBCSP-equal,1.0,8-12Hz,0.5496376811594202,0.06860949008558989,1.0
sub-005,FBCSP-equal,1.0,12-16Hz,0.5702989130434784,0.13393389375282852,1.0
sub-005,FBCSP-equal,1.0,16-20Hz,0.5878713768115942,0.12178734750525647,1.0
sub-005,FBCSP-equal,1.0,20-24Hz,0.5848097826086956,0.13049501270174413,1.0
sub-005,FBCSP-equal,1.0,24-28Hz,0.574393115942029,0.12623397791643923,1.0
sub-005,FBCSP-equal,1.0,28-32Hz,0.5728623188405797,0.1793936371004727,1.0
sub-005,FBCSP-equal,1.0,32-36Hz,0.5996014492753623,0.1590305306296176,1.0
sub-005,FBCSP-equal,1.0,36-40Hz,0.573088768115942,0.1816102531144942,1.0
sub-005,FBCSP-discriminative-weighted,1.0,4-8Hz,0.6103260869565217,0.04147148677707302,0.406334131691281
sub-005,FBCSP-discriminative-weighted,1.0,8-12Hz,0.5496376811594202,0.06860949008558989,0.010919100097866515
sub-005,FBCSP-discriminative-weighted,1.0,12-16Hz,0.5702989130434784,0.13393389375282852,0.03740476577299227
sub-005,FBCSP-discriminative-weighted,1.0,16-20Hz,0.5878713768115942,0.12178734750525647,0.10659224645016616
sub-005,FBCSP-discriminative-weighted,1.0,20-24Hz,0.5848097826086956,0.13049501270174413,0.08881524034032758
sub-005,FBCSP-discriminative-weighted,1.0,24-28Hz,0.574393115942029,0.12623397791643923,0.04774087145800309
sub-005,FBCSP-discriminative-weighted,1.0,28-32Hz,0.5728623188405797,0.1793936371004727,0.04357840015502328
sub-005,FBCSP-discriminative-weighted,1.0,32-36Hz,0.5996014492753623,0.1590305306296176,0.21444476694771522
sub-005,FBCSP-discriminative-weighted,1.0,36-40Hz,0.573088768115942,0.1816102531144942,0.044170477086624804
sub-005,Stable-FBCSP,1.0,4-8Hz,0.6103260869565217,0.04147148677707302,0.8613029199501498
sub-005,Stable-FBCSP,1.0,8-12Hz,0.5496376811594202,0.06860949008558989,0.01252226322102704
sub-005,Stable-FBCSP,1.0,12-16Hz,0.5702989130434784,0.13393389375282852,0.009778220204241272
sub-005,Stable-FBCSP,1.0,16-20Hz,0.5878713768115942,0.12178734750525647,0.03668288986415558
sub-005,Stable-FBCSP,1.0,20-24Hz,0.5848097826086956,0.13049501270174413,0.02509723312685887
sub-005,Stable-FBCSP,1.0,24-28Hz,0.574393115942029,0.12623397791643923,0.014856490976983217
sub-005,Stable-FBCSP,1.0,28-32Hz,0.5728623188405797,0.1793936371004727,0.004071158628728999
sub-005,Stable-FBCSP,1.0,32-36Hz,0.5996014492753623,0.1590305306296176,0.03176428479496123
sub-005,Stable-FBCSP,1.0,36-40Hz,0.573088768115942,0.1816102531144942,0.003924539232893766
sub-006,FBCSP-equal,1.0,4-8Hz,0.5679347826086956,0.10540964452055615,1.0
sub-006,FBCSP-equal,1.0,8-12Hz,0.5835597826086956,0.1218884128682056,1.0
sub-006,FBCSP-equal,1.0,12-16Hz,0.5323822463768115,0.047790455099187744,1.0
sub-006,FBCSP-equal,1.0,16-20Hz,0.5185688405797101,0.050014028041592315,1.0
sub-006,FBCSP-equal,1.0,20-24Hz,0.5441576086956522,0.05221657107135336,1.0
sub-006,FBCSP-equal,1.0,24-28Hz,0.6105072463768115,0.1530140391680603,1.0
sub-006,FBCSP-equal,1.0,28-32Hz,0.6279438405797102,0.17637055272847846,1.0
sub-006,FBCSP-equal,1.0,32-36Hz,0.6005434782608696,0.11488100047945929,1.0
sub-006,FBCSP-equal,1.0,36-40Hz,0.6286231884057971,0.17005963662624884,1.0
sub-006,FBCSP-discriminative-weighted,1.0,4-8Hz,0.5679347826086956,0.10540964452055615,0.05392715638623446
sub-006,FBCSP-discriminative-weighted,1.0,8-12Hz,0.5835597826086956,0.1218884128682056,0.08073157393696676
sub-006,FBCSP-discriminative-weighted,1.0,12-16Hz,0.5323822463768115,0.047790455099187744,0.02153190019708757
sub-006,FBCSP-discriminative-weighted,1.0,16-20Hz,0.5185688405797101,0.050014028041592315,0.015071749404943564
sub-006,FBCSP-discriminative-weighted,1.0,20-24Hz,0.5441576086956522,0.05221657107135336,0.029183958244767706
sub-006,FBCSP-discriminative-weighted,1.0,24-28Hz,0.6105072463768115,0.1530140391680603,0.1619055940757442
sub-006,FBCSP-discriminative-weighted,1.0,28-32Hz,0.6279438405797102,0.17637055272847846,0.2539890300191872
sub-006,FBCSP-discriminative-weighted,1.0,32-36Hz,0.6005434782608696,0.11488100047945929,0.12517489134756132
sub-006,FBCSP-discriminative-weighted,1.0,36-40Hz,0.6286231884057971,0.17005963662624884,0.25848414638750733
sub-006,Stable-FBCSP,1.0,4-8Hz,0.5679347826086956,0.10540964452055615,0.0888480912143029
sub-006,Stable-FBCSP,1.0,8-12Hz,0.5835597826086956,0.1218884128682056,0.09445295627080316
sub-006,Stable-FBCSP,1.0,12-16Hz,0.5323822463768115,0.047790455099187744,0.11742289123379601
sub-006,Stable-FBCSP,1.0,16-20Hz,0.5185688405797101,0.050014028041592315,0.07848260432290126
sub-006,Stable-FBCSP,1.0,20-24Hz,0.5441576086956522,0.05221657107135336,0.14517204502885767
sub-006,Stable-FBCSP,1.0,24-28Hz,0.6105072463768115,0.1530140391680603,0.0992257203601229
sub-006,Stable-FBCSP,1.0,28-32Hz,0.6279438405797102,0.17637055272847846,0.09582065943003097
sub-006,Stable-FBCSP,1.0,32-36Hz,0.6005434782608696,0.11488100047945929,0.16939826460158133
sub-006,Stable-FBCSP,1.0,36-40Hz,0.6286231884057971,0.17005963662624884,0.1111767675376039
sub-007,FBCSP-equal,1.0,4-8Hz,0.5017210144927536,0.052862017735133916,1.0
sub-007,FBCSP-equal,1.0,8-12Hz,0.541268115942029,0.02551864349297363,1.0
sub-007,FBCSP-equal,1.0,12-16Hz,0.49939311594202895,0.06025323850936493,1.0
sub-007,FBCSP-equal,1.0,16-20Hz,0.530625,0.03063775244694037,1.0
sub-007,FBCSP-equal,1.0,20-24Hz,0.524981884057971,0.03046441686143023,1.0
sub-007,FBCSP-equal,1.0,24-28Hz,0.551911231884058,0.031472009904852986,1.0
sub-007,FBCSP-equal,1.0,28-32Hz,0.46439311594202903,0.0668054703359571,1.0
sub-007,FBCSP-equal,1.0,32-36Hz,0.4915126811594203,0.05567584211737523,1.0
sub-007,FBCSP-equal,1.0,36-40Hz,0.5571557971014494,0.027524567275757587,1.0
sub-007,FBCSP-discriminative-weighted,1.0,4-8Hz,0.5017210144927536,0.052862017735133916,0.0415698801440039
sub-007,FBCSP-discriminative-weighted,1.0,8-12Hz,0.541268115942029,0.02551864349297363,0.1618353392103118
sub-007,FBCSP-discriminative-weighted,1.0,12-16Hz,0.49939311594202895,0.06025323850936493,0.03837352557016597
sub-007,FBCSP-discriminative-weighted,1.0,16-20Hz,0.530625,0.03063775244694037,0.11225618974078783
sub-007,FBCSP-discriminative-weighted,1.0,20-24Hz,0.524981884057971,0.03046441686143023,0.0924653614734113
sub-007,FBCSP-discriminative-weighted,1.0,24-28Hz,0.551911231884058,0.031472009904852986,0.23331165148036828
sub-007,FBCSP-discriminative-weighted,1.0,28-32Hz,0.46439311594202903,0.0668054703359571,0.011524147847885604
sub-007,FBCSP-discriminative-weighted,1.0,32-36Hz,0.4915126811594203,0.05567584211737523,0.029268834718484876
sub-007,FBCSP-discriminative-weighted,1.0,36-40Hz,0.5571557971014494,0.027524567275757587,0.27939506981458045
sub-007,Stable-FBCSP,1.0,4-8Hz,0.5017210144927536,0.052862017735133916,0.00955937918150423
sub-007,Stable-FBCSP,1.0,8-12Hz,0.541268115942029,0.02551864349297363,0.22229160682653368
sub-007,Stable-FBCSP,1.0,12-16Hz,0.49939311594202895,0.06025323850936493,0.0054433640335566375
sub-007,Stable-FBCSP,1.0,16-20Hz,0.530625,0.03063775244694037,0.11034264763619246
sub-007,Stable-FBCSP,1.0,20-24Hz,0.524981884057971,0.03046441686143023,0.09192479453355533
sub-007,Stable-FBCSP,1.0,24-28Hz,0.551911231884058,0.031472009904852986,0.21716377920540217
sub-007,Stable-FBCSP,1.0,28-32Hz,0.46439311594202903,0.0668054703359571,0.0010652357022467459
sub-007,Stable-FBCSP,1.0,32-36Hz,0.4915126811594203,0.05567584211737523,0.0055998973548699125
sub-007,Stable-FBCSP,1.0,36-40Hz,0.5571557971014494,0.027524567275757587,0.3366092955261387
sub-008,FBCSP-equal,1.0,4-8Hz,0.5403186758893281,0.03223490728926571,1.0
sub-008,FBCSP-equal,1.0,8-12Hz,0.5079850131752306,0.02446521810479769,1.0
sub-008,FBCSP-equal,1.0,12-16Hz,0.5527033926218708,0.06666785477737085,1.0
sub-008,FBCSP-equal,1.0,16-20Hz,0.535336791831357,0.0589434257603272,1.0
sub-008,FBCSP-equal,1.0,20-24Hz,0.49908679183135707,0.07296756595549782,1.0
sub-008,FBCSP-equal,1.0,24-28Hz,0.4871516798418972,0.02229860985440163,1.0
sub-008,FBCSP-equal,1.0,28-32Hz,0.5589319828722003,0.1080457149877327,1.0
sub-008,FBCSP-equal,1.0,32-36Hz,0.5746368577075098,0.0968286109294767,1.0
sub-008,FBCSP-equal,1.0,36-40Hz,0.574834486166008,0.05906618844579056,1.0
sub-008,FBCSP-discriminative-weighted,1.0,4-8Hz,0.5403186758893281,0.03223490728926571,0.08222643575962926
sub-008,FBCSP-discriminative-weighted,1.0,8-12Hz,0.5079850131752306,0.02446521810479769,0.028449750355449832
sub-008,FBCSP-discriminative-weighted,1.0,12-16Hz,0.5527033926218708,0.06666785477737085,0.12347015048523936
sub-008,FBCSP-discriminative-weighted,1.0,16-20Hz,0.535336791831357,0.0589434257603272,0.06982197734776048
sub-008,FBCSP-discriminative-weighted,1.0,20-24Hz,0.49908679183135707,0.07296756595549782,0.02124367918687768
sub-008,FBCSP-discriminative-weighted,1.0,24-28Hz,0.4871516798418972,0.02229860985440163,0.014357822145633073
sub-008,FBCSP-discriminative-weighted,1.0,28-32Hz,0.5589319828722003,0.1080457149877327,0.15147945628944287
sub-008,FBCSP-discriminative-weighted,1.0,32-36Hz,0.5746368577075098,0.0968286109294767,0.25364996832596554
sub-008,FBCSP-discriminative-weighted,1.0,36-40Hz,0.574834486166008,0.05906618844579056,0.2553007601040018
sub-008,Stable-FBCSP,1.0,4-8Hz,0.5403186758893281,0.03223490728926571,0.23755490558011577
sub-008,Stable-FBCSP,1.0,8-12Hz,0.5079850131752306,0.02446521810479769,0.10790360524013014
sub-008,Stable-FBCSP,1.0,12-16Hz,0.5527033926218708,0.06666785477737085,0.10677396269518678
sub-008,Stable-FBCSP,1.0,16-20Hz,0.535336791831357,0.0589434257603272,0.07914289182394783
sub-008,Stable-FBCSP,1.0,20-24Hz,0.49908679183135707,0.07296756595549782,0.014733021411913379
sub-008,Stable-FBCSP,1.0,24-28Hz,0.4871516798418972,0.02229860985440163,0.058750014781666596
sub-008,Stable-FBCSP,1.0,28-32Hz,0.5589319828722003,0.1080457149877327,0.030743324544831918
sub-008,Stable-FBCSP,1.0,32-36Hz,0.5746368577075098,0.0968286109294767,0.07625783298910509
sub-008,Stable-FBCSP,1.0,36-40Hz,0.574834486166008,0.05906618844579056,0.2881404409331025
sub-009,FBCSP-equal,1.0,4-8Hz,0.4897373188405797,0.04667988166223895,1.0
sub-009,FBCSP-equal,1.0,8-12Hz,0.49140398550724634,0.05903763639764827,1.0
sub-009,FBCSP-equal,1.0,12-16Hz,0.4715670289855072,0.06222572339931239,1.0
sub-009,FBCSP-equal,1.0,16-20Hz,0.4371467391304347,0.048313620247969695,1.0
sub-009,FBCSP-equal,1.0,20-24Hz,0.4960144927536232,0.03781879823163263,1.0
sub-009,FBCSP-equal,1.0,24-28Hz,0.47834239130434775,0.10029621107641824,1.0
sub-009,FBCSP-equal,1.0,28-32Hz,0.5147282608695652,0.10920017421325005,1.0
sub-009,FBCSP-equal,1.0,32-36Hz,0.4242844202898551,0.0577412701532166,1.0
sub-009,FBCSP-equal,1.0,36-40Hz,0.49991847826086955,0.05972780961771224,1.0
sub-009,FBCSP-discriminative-weighted,1.0,4-8Hz,0.4897373188405797,0.04667988166223895,0.11589307102428
sub-009,FBCSP-discriminative-weighted,1.0,8-12Hz,0.49140398550724634,0.05903763639764827,0.12299518862067907
sub-009,FBCSP-discriminative-weighted,1.0,12-16Hz,0.4715670289855072,0.06222572339931239,0.060596454686023545
sub-009,FBCSP-discriminative-weighted,1.0,16-20Hz,0.4371467391304347,0.048313620247969695,0.01774140897225886
sub-009,FBCSP-discriminative-weighted,1.0,20-24Hz,0.4960144927536232,0.03781879823163263,0.14499184177806038
sub-009,FBCSP-discriminative-weighted,1.0,24-28Hz,0.47834239130434775,0.10029621107641824,0.07717105360067932
sub-009,FBCSP-discriminative-weighted,1.0,28-32Hz,0.5147282608695652,0.10920017421325005,0.28273323395660366
sub-009,FBCSP-discriminative-weighted,1.0,32-36Hz,0.4242844202898551,0.0577412701532166,0.011210961510248108
sub-009,FBCSP-discriminative-weighted,1.0,36-40Hz,0.49991847826086955,0.05972780961771224,0.16666678585116707
sub-009,Stable-FBCSP,1.0,4-8Hz,0.4897373188405797,0.04667988166223895,0.2015871284983901
sub-009,Stable-FBCSP,1.0,8-12Hz,0.49140398550724634,0.05903763639764827,0.12439326244126325
sub-009,Stable-FBCSP,1.0,12-16Hz,0.4715670289855072,0.06222572339931239,0.05328462368472847
sub-009,Stable-FBCSP,1.0,16-20Hz,0.4371467391304347,0.048313620247969695,0.02872499474481732
sub-009,Stable-FBCSP,1.0,20-24Hz,0.4960144927536232,0.03781879823163263,0.37205819537192725
sub-009,Stable-FBCSP,1.0,24-28Hz,0.47834239130434775,0.10029621107641824,0.012767788147824496
sub-009,Stable-FBCSP,1.0,28-32Hz,0.5147282608695652,0.10920017421325005,0.03164892600715208
sub-009,Stable-FBCSP,1.0,32-36Hz,0.4242844202898551,0.0577412701532166,0.01200206319510251
sub-009,Stable-FBCSP,1.0,36-40Hz,0.49991847826086955,0.05972780961771224,0.16353301790879457
sub-010,FBCSP-equal,1.0,4-8Hz,0.5112145915678524,0.023404182052697065,1.0
sub-010,FBCSP-equal,1.0,8-12Hz,0.5219762845849802,0.033655099448423625,1.0
sub-010,FBCSP-equal,1.0,12-16Hz,0.4914048089591568,0.03411826738728123,1.0
sub-010,FBCSP-equal,1.0,16-20Hz,0.4842078392621871,0.033395193454903396,1.0
sub-010,FBCSP-equal,1.0,20-24Hz,0.49038619894598157,0.04116873139805335,1.0
sub-010,FBCSP-equal,1.0,24-28Hz,0.5217679512516469,0.03674623852578237,1.0
sub-010,FBCSP-equal,1.0,28-32Hz,0.5051959815546772,0.045381924233401434,1.0
sub-010,FBCSP-equal,1.0,32-36Hz,0.5157979249011858,0.06776432635215658,1.0
sub-010,FBCSP-equal,1.0,36-40Hz,0.4733563899868248,0.05500989503125372,1.0
sub-010,FBCSP-discriminative-weighted,1.0,4-8Hz,0.5112145915678524,0.023404182052697065,0.12974762049491784
sub-010,FBCSP-discriminative-weighted,1.0,8-12Hz,0.5219762845849802,0.033655099448423625,0.24881157654441252
sub-010,FBCSP-discriminative-weighted,1.0,12-16Hz,0.4914048089591568,0.03411826738728123,0.03913660915046936
sub-010,FBCSP-discriminative-weighted,1.0,16-20Hz,0.4842078392621871,0.033395193454903396,0.025320814332561573
sub-010,FBCSP-discriminative-weighted,1.0,20-24Hz,0.49038619894598157,0.04116873139805335,0.03679751478240709
sub-010,FBCSP-discriminative-weighted,1.0,24-28Hz,0.5217679512516469,0.03674623852578237,0.24569508895150527
sub-010,FBCSP-discriminative-weighted,1.0,28-32Hz,0.5051959815546772,0.045381924233401434,0.09014800477263529
sub-010,FBCSP-discriminative-weighted,1.0,32-36Hz,0.5157979249011858,0.06776432635215658,0.17121025076631285
sub-010,FBCSP-discriminative-weighted,1.0,36-40Hz,0.4733563899868248,0.05500989503125372,0.013132520204778255
sub-010,Stable-FBCSP,1.0,4-8Hz,0.5112145915678524,0.023404182052697065,0.33846506794599784
sub-010,Stable-FBCSP,1.0,8-12Hz,0.5219762845849802,0.033655099448423625,0.28685215540510905
sub-010,Stable-FBCSP,1.0,12-16Hz,0.4914048089591568,0.03411826738728123,0.04348581320772654
sub-010,Stable-FBCSP,1.0,16-20Hz,0.4842078392621871,0.033395193454903396,0.0298027651500957
sub-010,Stable-FBCSP,1.0,20-24Hz,0.49038619894598157,0.04116873139805335,0.023317100402308374
sub-010,Stable-FBCSP,1.0,24-28Hz,0.5217679512516469,0.03674623852578237,0.22143544052287142
sub-010,Stable-FBCSP,1.0,28-32Hz,0.5051959815546772,0.045381924233401434,0.040837414174038425
sub-010,Stable-FBCSP,1.0,32-36Hz,0.5157979249011858,0.06776432635215658,0.013041287647173966
sub-010,Stable-FBCSP,1.0,36-40Hz,0.4733563899868248,0.05500989503125372,0.002762955544678713
sub-011,FBCSP-equal,1.0,4-8Hz,0.5534782608695652,0.08524511527729278,1.0
sub-011,FBCSP-equal,1.0,8-12Hz,0.4882608695652174,0.028367691092519416,1.0
sub-011,FBCSP-equal,1.0,12-16Hz,0.5489130434782609,0.04981772067252444,1.0
sub-011,FBCSP-equal,1.0,16-20Hz,0.478695652173913,0.030012599748560544,1.0
sub-011,FBCSP-equal,1.0,20-24Hz,0.49891304347826093,0.03405974401798827,1.0
sub-011,FBCSP-equal,1.0,24-28Hz,0.5063043478260869,0.046598372477805926,1.0
sub-011,FBCSP-equal,1.0,28-32Hz,0.4976086956521739,0.054211568321591456,1.0
sub-011,FBCSP-equal,1.0,32-36Hz,0.4826086956521739,0.05758531108650936,1.0
sub-011,FBCSP-equal,1.0,36-40Hz,0.4826086956521739,0.03639730354166323,1.0
sub-011,FBCSP-discriminative-weighted,1.0,4-8Hz,0.5534782608695652,0.08524511527729278,0.39295262093837474
sub-011,FBCSP-discriminative-weighted,1.0,8-12Hz,0.4882608695652174,0.028367691092519416,0.03366810874482778
sub-011,FBCSP-discriminative-weighted,1.0,12-16Hz,0.5489130434782609,0.04981772067252444,0.3308580356896089
sub-011,FBCSP-discriminative-weighted,1.0,16-20Hz,0.478695652173913,0.030012599748560544,0.023480512535579333
sub-011,FBCSP-discriminative-weighted,1.0,20-24Hz,0.49891304347826093,0.03405974401798827,0.05029389002053787
sub-011,FBCSP-discriminative-weighted,1.0,24-28Hz,0.5063043478260869,0.046598372477805926,0.06644398337170657
sub-011,FBCSP-discriminative-weighted,1.0,28-32Hz,0.4976086956521739,0.054211568321591456,0.0478820568997673
sub-011,FBCSP-discriminative-weighted,1.0,32-36Hz,0.4826086956521739,0.05758531108650936,0.0272103958997988
sub-011,FBCSP-discriminative-weighted,1.0,36-40Hz,0.4826086956521739,0.03639730354166323,0.0272103958997988
sub-011,Stable-FBCSP,1.0,4-8Hz,0.5534782608695652,0.08524511527729278,0.05331740593124742
sub-011,Stable-FBCSP,1.0,8-12Hz,0.4882608695652174,0.028367691092519416,0.13400640055822388
sub-011,Stable-FBCSP,1.0,12-16Hz,0.5489130434782609,0.04981772067252444,0.36826479248143584
sub-011,Stable-FBCSP,1.0,16-20Hz,0.478695652173913,0.030012599748560544,0.08475736998063456
sub-011,Stable-FBCSP,1.0,20-24Hz,0.49891304347826093,0.03405974401798827,0.1427489893419139
sub-011,Stable-FBCSP,1.0,24-28Hz,0.5063043478260869,0.046598372477805926,0.08954265917386078
sub-011,Stable-FBCSP,1.0,28-32Hz,0.4976086956521739,0.054211568321591456,0.041052030469854596
sub-011,Stable-FBCSP,1.0,32-36Hz,0.4826086956521739,0.05758531108650936,0.01909227465825196
sub-011,Stable-FBCSP,1.0,36-40Hz,0.4826086956521739,0.03639730354166323,0.0672180774045769
sub-012,FBCSP-equal,1.0,4-8Hz,0.5164272774327121,0.029279316878067608,1.0
sub-012,FBCSP-equal,1.0,8-12Hz,0.49862836438923397,0.06807562409240404,1.0
sub-012,FBCSP-equal,1.0,12-16Hz,0.5003493788819876,0.03766216444353607,1.0
sub-012,FBCSP-equal,1.0,16-20Hz,0.467985248447205,0.06180329453736163,1.0
sub-012,FBCSP-equal,1.0,20-24Hz,0.46874741200828157,0.021726751380317714,1.0
sub-012,FBCSP-equal,1.0,24-28Hz,0.49717132505175987,0.015596710037326574,1.0
sub-012,FBCSP-equal,1.0,28-32Hz,0.4854321946169772,0.042296061245471715,1.0
sub-012,FBCSP-equal,1.0,32-36Hz,0.5175232919254658,0.021526699654237817,1.0
sub-012,FBCSP-equal,1.0,36-40Hz,0.44600931677018635,0.074610641080425,1.0
sub-012,FBCSP-discriminative-weighted,1.0,4-8Hz,0.5164272774327121,0.029279316878067608,0.25303851046945686
sub-012,FBCSP-discriminative-weighted,1.0,8-12Hz,0.49862836438923397,0.06807562409240404,0.1148152811570387
sub-012,FBCSP-discriminative-weighted,1.0,12-16Hz,0.5003493788819876,0.03766216444353607,0.12393191559926378
sub-012,FBCSP-discriminative-weighted,1.0,16-20Hz,0.467985248447205,0.06180329453736163,0.029455018285995158
sub-012,FBCSP-discriminative-weighted,1.0,20-24Hz,0.46874741200828157,0.021726751380317714,0.03046876371937254
sub-012,FBCSP-discriminative-weighted,1.0,24-28Hz,0.49717132505175987,0.015596710037326574,0.1076232294892655
sub-012,FBCSP-discriminative-weighted,1.0,28-32Hz,0.4854321946169772,0.042296061245471715,0.06390867768774426
sub-012,FBCSP-discriminative-weighted,1.0,32-36Hz,0.5175232919254658,0.021526699654237817,0.26565576967774623
sub-012,FBCSP-discriminative-weighted,1.0,36-40Hz,0.44600931677018635,0.074610641080425,0.011102833914116868
sub-012,Stable-FBCSP,1.0,4-8Hz,0.5164272774327121,0.029279316878067608,0.2447557364399709
sub-012,Stable-FBCSP,1.0,8-12Hz,0.49862836438923397,0.06807562409240404,0.01697770871704082
sub-012,Stable-FBCSP,1.0,12-16Hz,0.5003493788819876,0.03766216444353607,0.07988873722527232
sub-012,Stable-FBCSP,1.0,16-20Hz,0.467985248447205,0.06180329453736163,0.00590079177400804
sub-012,Stable-FBCSP,1.0,20-24Hz,0.46874741200828157,0.021726751380317714,0.042480421559397664
sub-012,Stable-FBCSP,1.0,24-28Hz,0.49717132505175987,0.015596710037326574,0.20189245871020955
sub-012,Stable-FBCSP,1.0,28-32Hz,0.4854321946169772,0.042296061245471715,0.03291831445996648
sub-012,Stable-FBCSP,1.0,32-36Hz,0.5175232919254658,0.021526699654237817,0.37398931434719546
sub-012,Stable-FBCSP,1.0,36-40Hz,0.44600931677018635,0.074610641080425,0.0011965167669389085
sub-013,FBCSP-equal,1.0,4-8Hz,0.6376086956521739,0.1349429270943047,1.0
sub-013,FBCSP-equal,1.0,8-12Hz,0.5236956521739131,0.022819874931108985,1.0
sub-013,FBCSP-equal,1.0,12-16Hz,0.4893478260869565,0.019064857961016243,1.0
sub-013,FBCSP-equal,1.0,16-20Hz,0.4591304347826087,0.03419614278649684,1.0
sub-013,FBCSP-equal,1.0,20-24Hz,0.5060869565217392,0.03374540506423002,1.0
sub-013,FBCSP-equal,1.0,24-28Hz,0.5065217391304349,0.036966750502608677,1.0
sub-013,FBCSP-equal,1.0,28-32Hz,0.5356521739130434,0.06892092946238039,1.0
sub-013,FBCSP-equal,1.0,32-36Hz,0.5558695652173913,0.06521557968498319,1.0
sub-013,FBCSP-equal,1.0,36-40Hz,0.49956521739130433,0.04244645242245127,1.0
sub-013,FBCSP-discriminative-weighted,1.0,4-8Hz,0.6376086956521739,0.1349429270943047,0.6063910713182538
sub-013,FBCSP-discriminative-weighted,1.0,8-12Hz,0.5236956521739131,0.022819874931108985,0.05635671194589332
sub-013,FBCSP-discriminative-weighted,1.0,12-16Hz,0.4893478260869565,0.019064857961016243,0.027531395382553087
sub-013,FBCSP-discriminative-weighted,1.0,16-20Hz,0.4591304347826087,0.03419614278649684,0.014659651792438444
sub-013,FBCSP-discriminative-weighted,1.0,20-24Hz,0.5060869565217392,0.03374540506423002,0.03903451070834942
sub-013,FBCSP-discriminative-weighted,1.0,24-28Hz,0.5065217391304349,0.036966750502608677,0.0393900865579532
sub-013,FBCSP-discriminative-weighted,1.0,28-32Hz,0.5356521739130434,0.06892092946238039,0.07231793486445887
sub-013,FBCSP-discriminative-weighted,1.0,32-36Hz,0.5558695652173913,0.06521557968498319,0.11024834890476787
sub-013,FBCSP-discriminative-weighted,1.0,36-40Hz,0.49956521739130433,0.04244645242245127,0.03407028852533202
sub-013,Stable-FBCSP,1.0,4-8Hz,0.6376086956521739,0.1349429270943047,0.09000152813410414
sub-013,Stable-FBCSP,1.0,8-12Hz,0.5236956521739131,0.022819874931108985,0.23253831112750253
sub-013,Stable-FBCSP,1.0,12-16Hz,0.4893478260869565,0.019064857961016243,0.12698095534034354
sub-013,Stable-FBCSP,1.0,16-20Hz,0.4591304347826087,0.03419614278649684,0.04316737509440539
sub-013,Stable-FBCSP,1.0,20-24Hz,0.5060869565217392,0.03374540506423002,0.11648925123005527
sub-013,Stable-FBCSP,1.0,24-28Hz,0.5065217391304349,0.036966750502608677,0.1068404713586667
sub-013,Stable-FBCSP,1.0,28-32Hz,0.5356521739130434,0.06892092946238039,0.07604166058684948
sub-013,Stable-FBCSP,1.0,32-36Hz,0.5558695652173913,0.06521557968498319,0.129389638098482
sub-013,Stable-FBCSP,1.0,36-40Hz,0.49956521739130433,0.04244645242245127,0.0785508090295909
sub-014,FBCSP-equal,1.0,4-8Hz,0.5076762187088274,0.03668889087690211,1.0
sub-014,FBCSP-equal,1.0,8-12Hz,0.4875691699604743,0.07787936865331231,1.0
sub-014,FBCSP-equal,1.0,12-16Hz,0.5531324110671937,0.030208279270754625,1.0
sub-014,FBCSP-equal,1.0,16-20Hz,0.48048583662714095,0.012452145910314879,1.0
sub-014,FBCSP-equal,1.0,20-24Hz,0.5099514163372859,0.06936808102275542,1.0
sub-014,FBCSP-equal,1.0,24-28Hz,0.5288134057971015,0.020809333608579204,1.0
sub-014,FBCSP-equal,1.0,28-32Hz,0.49999341238471673,0.012394487427716507,1.0
sub-014,FBCSP-equal,1.0,32-36Hz,0.5051992753623188,0.04295049168373764,1.0
sub-014,FBCSP-equal,1.0,36-40Hz,0.5115456192358366,0.04420086597524932,1.0
sub-014,FBCSP-discriminative-weighted,1.0,4-8Hz,0.5076762187088274,0.03668889087690211,0.05640717854280286
sub-014,FBCSP-discriminative-weighted,1.0,8-12Hz,0.4875691699604743,0.07787936865331231,0.020969372995470154
sub-014,FBCSP-discriminative-weighted,1.0,12-16Hz,0.5531324110671937,0.030208279270754625,0.5282892706235363
sub-014,FBCSP-discriminative-weighted,1.0,16-20Hz,0.48048583662714095,0.012452145910314879,0.014797659046146933
sub-014,FBCSP-discriminative-weighted,1.0,20-24Hz,0.5099514163372859,0.06936808102275542,0.06309025559075093
sub-014,FBCSP-discriminative-weighted,1.0,24-28Hz,0.5288134057971015,0.020809333608579204,0.1596248515044981
sub-014,FBCSP-discriminative-weighted,1.0,28-32Hz,0.49999341238471673,0.012394487427716507,0.03864820991428717
sub-014,FBCSP-discriminative-weighted,1.0,32-36Hz,0.5051992753623188,0.04295049168373764,0.049933791819092604
sub-014,FBCSP-discriminative-weighted,1.0,36-40Hz,0.5115456192358366,0.04420086597524932,0.068239409963415
sub-014,Stable-FBCSP,1.0,4-8Hz,0.5076762187088274,0.03668889087690211,0.04139824555009459
sub-014,Stable-FBCSP,1.0,8-12Hz,0.4875691699604743,0.07787936865331231,0.002338341547973103
sub-014,Stable-FBCSP,1.0,12-16Hz,0.5531324110671937,0.030208279270754625,0.5215172649574971
sub-014,Stable-FBCSP,1.0,16-20Hz,0.48048583662714095,0.012452145910314879,0.03291155184974631
sub-014,Stable-FBCSP,1.0,20-24Hz,0.5099514163372859,0.06936808102275542,0.010384300947107857
sub-014,Stable-FBCSP,1.0,24-28Hz,0.5288134057971015,0.020809333608579204,0.24222828433498386
sub-014,Stable-FBCSP,1.0,28-32Hz,0.49999341238471673,0.012394487427716507,0.08618470907379412
sub-014,Stable-FBCSP,1.0,32-36Hz,0.5051992753623188,0.04295049168373764,0.027519707859511945
sub-014,Stable-FBCSP,1.0,36-40Hz,0.5115456192358366,0.04420086597524932,0.03551759387929111
sub-015,FBCSP-equal,1.0,4-8Hz,0.5267210144927537,0.060429294901683576,1.0
sub-015,FBCSP-equal,1.0,8-12Hz,0.5491123188405798,0.04946293489767316,1.0
sub-015,FBCSP-equal,1.0,12-16Hz,0.47641304347826086,0.05012089590229959,1.0
sub-015,FBCSP-equal,1.0,16-20Hz,0.48414855072463775,0.009159306347897042,1.0
sub-015,FBCSP-equal,1.0,20-24Hz,0.50625,0.010825317547305494,1.0
sub-015,FBCSP-equal,1.0,24-28Hz,0.5120471014492755,0.009083749549669335,1.0
sub-015,FBCSP-equal,1.0,28-32Hz,0.4872282608695652,0.02212130107492859,1.0
sub-015,FBCSP-equal,1.0,32-36Hz,0.589945652173913,0.09770259415459173,1.0
sub-015,FBCSP-equal,1.0,36-40Hz,0.4916666666666667,0.037730771408905905,1.0
sub-015,FBCSP-discriminative-weighted,1.0,4-8Hz,0.5267210144927537,0.060429294901683576,0.08652267823680683
sub-015,FBCSP-discriminative-weighted,1.0,8-12Hz,0.5491123188405798,0.04946293489767316,0.16541194936435843
sub-015,FBCSP-discriminative-weighted,1.0,12-16Hz,0.47641304347826086,0.05012089590229959,0.02017472718815844
sub-015,FBCSP-discriminative-weighted,1.0,16-20Hz,0.48414855072463775,0.009159306347897042,0.025236869147094852
sub-015,FBCSP-discriminative-weighted,1.0,20-24Hz,0.50625,0.010825317547305494,0.047844189853302035
sub-015,FBCSP-discriminative-weighted,1.0,24-28Hz,0.5120471014492755,0.009083749549669335,0.05658393341511696
sub-015,FBCSP-discriminative-weighted,1.0,28-32Hz,0.4872282608695652,0.02212130107492859,0.02758953864145329
sub-015,FBCSP-discriminative-weighted,1.0,32-36Hz,0.589945652173913,0.09770259415459173,0.5392649320474692
sub-015,FBCSP-discriminative-weighted,1.0,36-40Hz,0.4916666666666667,0.037730771408905905,0.031371182106239945
sub-015,Stable-FBCSP,1.0,4-8Hz,0.5267210144927537,0.060429294901683576,0.058433802329179794
sub-015,Stable-FBCSP,1.0,8-12Hz,0.5491123188405798,0.04946293489767316,0.16551965427386006
sub-015,Stable-FBCSP,1.0,12-16Hz,0.47641304347826086,0.05012089590229959,0.01971722408746358
sub-015,Stable-FBCSP,1.0,16-20Hz,0.48414855072463775,0.009159306347897042,0.10711591831655823
sub-015,Stable-FBCSP,1.0,20-24Hz,0.50625,0.010825317547305494,0.19129675581464342
sub-015,Stable-FBCSP,1.0,24-28Hz,0.5120471014492755,0.009083749549669335,0.2408175360316387
sub-015,Stable-FBCSP,1.0,28-32Hz,0.4872282608695652,0.02212130107492859,0.07357699280108333
sub-015,Stable-FBCSP,1.0,32-36Hz,0.589945652173913,0.09770259415459173,0.0957157438223267
sub-015,Stable-FBCSP,1.0,36-40Hz,0.4916666666666667,0.037730771408905905,0.04780637252324605
sub-016,FBCSP-equal,1.0,4-8Hz,0.5152083333333334,0.008787123628734654,1.0
sub-016,FBCSP-equal,1.0,8-12Hz,0.5520833333333333,0.09021097956087899,1.0
sub-016,FBCSP-equal,1.0,12-16Hz,0.5404166666666668,0.024505526587554352,1.0
sub-016,FBCSP-equal,1.0,16-20Hz,0.525,0.043301270189221974,1.0
sub-016,FBCSP-equal,1.0,20-24Hz,0.5297916666666667,0.0414844976065357,1.0
sub-016,FBCSP-equal,1.0,24-28Hz,0.5202083333333334,0.05656969337315993,1.0
sub-016,FBCSP-equal,1.0,28-32Hz,0.4897916666666667,0.0224565552790271,1.0
sub-016,FBCSP-equal,1.0,32-36Hz,0.5047916666666666,0.04566778815532894,1.0
sub-016,FBCSP-equal,1.0,36-40Hz,0.5354166666666667,0.0536627198341642,1.0
sub-016,FBCSP-discriminative-weighted,1.0,4-8Hz,0.5152083333333334,0.008787123628734654,0.044865114376152516
sub-016,FBCSP-discriminative-weighted,1.0,8-12Hz,0.5520833333333333,0.09021097956087899,0.3559803541729901
sub-016,FBCSP-discriminative-weighted,1.0,12-16Hz,0.5404166666666668,0.024505526587554352,0.18485576620601346
sub-016,FBCSP-discriminative-weighted,1.0,16-20Hz,0.525,0.043301270189221974,0.07776132331609732
sub-016,FBCSP-discriminative-weighted,1.0,20-24Hz,0.5297916666666667,0.0414844976065357,0.1017770983817777
sub-016,FBCSP-discriminative-weighted,1.0,24-28Hz,0.5202083333333334,0.05656969337315993,0.059412416938713304
sub-016,FBCSP-discriminative-weighted,1.0,28-32Hz,0.4897916666666667,0.0224565552790271,0.010762236664311794
sub-016,FBCSP-discriminative-weighted,1.0,32-36Hz,0.5047916666666666,0.04566778815532894,0.02499239411019125
sub-016,FBCSP-discriminative-weighted,1.0,36-40Hz,0.5354166666666667,0.0536627198341642,0.13959329583375246
sub-016,Stable-FBCSP,1.0,4-8Hz,0.5152083333333334,0.008787123628734654,0.20244925812900452
sub-016,Stable-FBCSP,1.0,8-12Hz,0.5520833333333333,0.09021097956087899,0.041614366722575104
sub-016,Stable-FBCSP,1.0,12-16Hz,0.5404166666666668,0.024505526587554352,0.41205803705092814
sub-016,Stable-FBCSP,1.0,16-20Hz,0.525,0.043301270189221974,0.07458358827735814
sub-016,Stable-FBCSP,1.0,20-24Hz,0.5297916666666667,0.0414844976065357,0.10590843329553604
sub-016,Stable-FBCSP,1.0,24-28Hz,0.5202083333333334,0.05656969337315993,0.031420571332963956
sub-016,Stable-FBCSP,1.0,28-32Hz,0.4897916666666667,0.0224565552790271,0.026299851532853587
sub-016,Stable-FBCSP,1.0,32-36Hz,0.5047916666666666,0.04566778815532894,0.021556316083065043
sub-016,Stable-FBCSP,1.0,36-40Hz,0.5354166666666667,0.0536627198341642,0.08410957757571552
sub-017,FBCSP-equal,1.0,4-8Hz,0.5345833333333334,0.052166600106453805,1.0
sub-017,FBCSP-equal,1.0,8-12Hz,0.5779166666666667,0.05111771545495098,1.0
sub-017,FBCSP-equal,1.0,12-16Hz,0.5191666666666667,0.032691742076555064,1.0
sub-017,FBCSP-equal,1.0,16-20Hz,0.5489583333333334,0.07620644247699798,1.0
sub-017,FBCSP-equal,1.0,20-24Hz,0.5795833333333333,0.06532371315226959,1.0
sub-017,FBCSP-equal,1.0,24-28Hz,0.5497916666666667,0.12208315557438706,1.0
sub-017,FBCSP-equal,1.0,28-32Hz,0.5647916666666667,0.06246769998700658,1.0
sub-017,FBCSP-equal,1.0,32-36Hz,0.5495833333333333,0.09023407061636972,1.0
sub-017,FBCSP-equal,1.0,36-40Hz,0.5729166666666666,0.07094965938372547,1.0
sub-017,FBCSP-discriminative-weighted,1.0,4-8Hz,0.5345833333333334,0.052166600106453805,0.025077664656684984
sub-017,FBCSP-discriminative-weighted,1.0,8-12Hz,0.5779166666666667,0.05111771545495098,0.23781972613805427
sub-017,FBCSP-discriminative-weighted,1.0,12-16Hz,0.5191666666666667,0.032691742076555064,0.011264567038821819
sub-017,FBCSP-discriminative-weighted,1.0,16-20Hz,0.5489583333333334,0.07620644247699798,0.05289017975258383
sub-017,FBCSP-discriminative-weighted,1.0,20-24Hz,0.5795833333333333,0.06532371315226959,0.25931240283026413
sub-017,FBCSP-discriminative-weighted,1.0,24-28Hz,0.5497916666666667,0.12208315557438706,0.055228436721975686
sub-017,FBCSP-discriminative-weighted,1.0,28-32Hz,0.5647916666666667,0.06246769998700658,0.12032101402214447
sub-017,FBCSP-discriminative-weighted,1.0,32-36Hz,0.5495833333333333,0.09023407061636972,0.05463435541348549
sub-017,FBCSP-discriminative-weighted,1.0,36-40Hz,0.5729166666666666,0.07094965938372547,0.1834516534259855
sub-017,Stable-FBCSP,1.0,4-8Hz,0.5345833333333334,0.052166600106453805,0.03877380356564311
sub-017,Stable-FBCSP,1.0,8-12Hz,0.5779166666666667,0.05111771545495098,0.3839439961170788
sub-017,Stable-FBCSP,1.0,12-16Hz,0.5191666666666667,0.032691742076555064,0.038855095553635546
sub-017,Stable-FBCSP,1.0,16-20Hz,0.5489583333333334,0.07620644247699798,0.030370964786465386
sub-017,Stable-FBCSP,1.0,20-24Hz,0.5795833333333333,0.06532371315226959,0.23315345947721278
sub-017,Stable-FBCSP,1.0,24-28Hz,0.5497916666666667,0.12208315557438706,0.004789946064724168
sub-017,Stable-FBCSP,1.0,28-32Hz,0.5647916666666667,0.06246769998700658,0.12169294978638967
sub-017,Stable-FBCSP,1.0,32-36Hz,0.5495833333333333,0.09023407061636972,0.017601094443634873
sub-017,Stable-FBCSP,1.0,36-40Hz,0.5729166666666666,0.07094965938372547,0.13081869020521558
sub-018,FBCSP-equal,1.0,4-8Hz,0.5097916666666666,0.04138393659783148,1.0
sub-018,FBCSP-equal,1.0,8-12Hz,0.47022644927536233,0.030228145731167107,1.0
sub-018,FBCSP-equal,1.0,12-16Hz,0.499375,0.045565029079327954,1.0
sub-018,FBCSP-equal,1.0,16-20Hz,0.5102264492753623,0.02992699203588111,1.0
sub-018,FBCSP-equal,1.0,20-24Hz,0.5048097826086957,0.07932356593840985,1.0
sub-018,FBCSP-equal,1.0,24-28Hz,0.5034329710144927,0.05967175369301313,1.0
sub-018,FBCSP-equal,1.0,28-32Hz,0.4952445652173913,0.016365893801284868,1.0
sub-018,FBCSP-equal,1.0,32-36Hz,0.5128713768115942,0.055917145563822115,1.0
sub-018,FBCSP-equal,1.0,36-40Hz,0.5224003623188406,0.06634261970106112,1.0
sub-018,FBCSP-discriminative-weighted,1.0,4-8Hz,0.5097916666666666,0.04138393659783148,0.12538014806859715
sub-018,FBCSP-discriminative-weighted,1.0,8-12Hz,0.47022644927536233,0.030228145731167107,0.007182732446308522
sub-018,FBCSP-discriminative-weighted,1.0,12-16Hz,0.499375,0.045565029079327954,0.059054508147194075
sub-018,FBCSP-discriminative-weighted,1.0,16-20Hz,0.5102264492753623,0.02992699203588111,0.12938277471279286
sub-018,FBCSP-discriminative-weighted,1.0,20-24Hz,0.5048097826086957,0.07932356593840985,0.08746797767160644
sub-018,FBCSP-discriminative-weighted,1.0,24-28Hz,0.5034329710144927,0.05967175369301313,0.07918290391437308
sub-018,FBCSP-discriminative-weighted,1.0,28-32Hz,0.4952445652173913,0.016365893801284868,0.04381270575835357
sub-018,FBCSP-discriminative-weighted,1.0,32-36Hz,0.5128713768115942,0.055917145563822115,0.15663898536760903
sub-018,FBCSP-discriminative-weighted,1.0,36-40Hz,0.5224003623188406,0.06634261970106112,0.3118972639131652
sub-018,Stable-FBCSP,1.0,4-8Hz,0.5097916666666666,0.04138393659783148,0.15962434833375255
sub-018,Stable-FBCSP,1.0,8-12Hz,0.47022644927536233,0.030228145731167107,0.016518007013639976
sub-018,Stable-FBCSP,1.0,12-16Hz,0.499375,0.045565029079327954,0.06023902449350252
sub-018,Stable-FBCSP,1.0,16-20Hz,0.5102264492753623,0.02992699203588111,0.3023268648377877
sub-018,Stable-FBCSP,1.0,20-24Hz,0.5048097826086957,0.07932356593840985,0.014906606646222821
sub-018,Stable-FBCSP,1.0,24-28Hz,0.5034329710144927,0.05967175369301313,0.03824111170411675
sub-018,Stable-FBCSP,1.0,28-32Hz,0.4952445652173913,0.016365893801284868,0.21007107146668744
sub-018,Stable-FBCSP,1.0,32-36Hz,0.5128713768115942,0.055917145563822115,0.09230539689629166
sub-018,Stable-FBCSP,1.0,36-40Hz,0.5224003623188406,0.06634261970106112,0.10576756860799857
sub-019,FBCSP-equal,1.0,4-8Hz,0.5208061594202898,0.056069331522516384,1.0
sub-019,FBCSP-equal,1.0,8-12Hz,0.5678985507246377,0.09492929249398702,1.0
sub-019,FBCSP-equal,1.0,12-16Hz,0.4997373188405797,0.06837522621491018,1.0
sub-019,FBCSP-equal,1.0,16-20Hz,0.48884057971014494,0.028496232851106394,1.0
sub-019,FBCSP-equal,1.0,20-24Hz,0.49932971014492755,0.053049965079121665,1.0
sub-019,FBCSP-equal,1.0,24-28Hz,0.4969021739130435,0.02266622911147787,1.0
sub-019,FBCSP-equal,1.0,28-32Hz,0.4751811594202899,0.028990703791425983,1.0
sub-019,FBCSP-equal,1.0,32-36Hz,0.5084420289855073,0.027477853353395924,1.0
sub-019,FBCSP-equal,1.0,36-40Hz,0.5291032608695652,0.060648220391077465,1.0
sub-019,FBCSP-discriminative-weighted,1.0,4-8Hz,0.5208061594202898,0.056069331522516384,0.09071402030889981
sub-019,FBCSP-discriminative-weighted,1.0,8-12Hz,0.5678985507246377,0.09492929249398702,0.5720526716419335
sub-019,FBCSP-discriminative-weighted,1.0,12-16Hz,0.4997373188405797,0.06837522621491018,0.03979844356693319
sub-019,FBCSP-discriminative-weighted,1.0,16-20Hz,0.48884057971014494,0.028496232851106394,0.025990146596637547
sub-019,FBCSP-discriminative-weighted,1.0,20-24Hz,0.49932971014492755,0.053049965079121665,0.039169113548278345
sub-019,FBCSP-discriminative-weighted,1.0,24-28Hz,0.4969021739130435,0.02266622911147787,0.035621920672468804
sub-019,FBCSP-discriminative-weighted,1.0,28-32Hz,0.4751811594202899,0.028990703791425983,0.01523467708856045
sub-019,FBCSP-discriminative-weighted,1.0,32-36Hz,0.5084420289855073,0.027477853353395924,0.055936670619443414
sub-019,FBCSP-discriminative-weighted,1.0,36-40Hz,0.5291032608695652,0.060648220391077465,0.12548233595684496
sub-019,Stable-FBCSP,1.0,4-8Hz,0.5208061594202898,0.056069331522516384,0.10631834247487981
sub-019,Stable-FBCSP,1.0,8-12Hz,0.5678985507246377,0.09492929249398702,0.12163037012098968
sub-019,Stable-FBCSP,1.0,12-16Hz,0.4997373188405797,0.06837522621491018,0.02716698795724508
sub-019,Stable-FBCSP,1.0,16-20Hz,0.48884057971014494,0.028496232851106394,0.1022708552192466
sub-019,Stable-FBCSP,1.0,20-24Hz,0.49932971014492755,0.053049965079121665,0.052417667481108925
sub-019,Stable-FBCSP,1.0,24-28Hz,0.4969021739130435,0.02266622911147787,0.18108351522311283
sub-019,Stable-FBCSP,1.0,28-32Hz,0.4751811594202899,0.028990703791425983,0.058660186167403636
sub-019,Stable-FBCSP,1.0,32-36Hz,0.5084420289855073,0.027477853353395924,0.2301798488440548
sub-019,Stable-FBCSP,1.0,36-40Hz,0.5291032608695652,0.060648220391077465,0.12027222651195865
sub-020,FBCSP-equal,1.0,4-8Hz,0.5536363636363636,0.10363237631883002,1.0
sub-020,FBCSP-equal,1.0,8-12Hz,0.6023418972332016,0.11983623084299752,1.0
sub-020,FBCSP-equal,1.0,12-16Hz,0.5917391304347827,0.032776380448608235,1.0
sub-020,FBCSP-equal,1.0,16-20Hz,0.5901877470355732,0.1402633992239881,1.0
sub-020,FBCSP-equal,1.0,20-24Hz,0.5363537549407115,0.0766644292759803,1.0
sub-020,FBCSP-equal,1.0,24-28Hz,0.5519169960474308,0.014000173523629856,1.0
sub-020,FBCSP-equal,1.0,28-32Hz,0.5559288537549407,0.04703794792556701,1.0
sub-020,FBCSP-equal,1.0,32-36Hz,0.5714920948616601,0.07026037957812194,1.0
sub-020,FBCSP-equal,1.0,36-40Hz,0.5465415019762846,0.05368177929345925,1.0
sub-020,FBCSP-discriminative-weighted,1.0,4-8Hz,0.5536363636363636,0.10363237631883002,0.03734557078558714
sub-020,FBCSP-discriminative-weighted,1.0,8-12Hz,0.6023418972332016,0.11983623084299752,0.34630831587424954
sub-020,FBCSP-discriminative-weighted,1.0,12-16Hz,0.5917391304347827,0.032776380448608235,0.21325871686191802
sub-020,FBCSP-discriminative-weighted,1.0,16-20Hz,0.5901877470355732,0.1402633992239881,0.1986545359729169
sub-020,FBCSP-discriminative-weighted,1.0,20-24Hz,0.5363537549407115,0.0766644292759803,0.016944573800691698
sub-020,FBCSP-discriminative-weighted,1.0,24-28Hz,0.5519169960474308,0.014000173523629856,0.03452191385330006
sub-020,FBCSP-discriminative-weighted,1.0,28-32Hz,0.5559288537549407,0.04703794792556701,0.04147293307979412
sub-020,FBCSP-discriminative-weighted,1.0,32-36Hz,0.5714920948616601,0.07026037957812194,0.08449460221689883
sub-020,FBCSP-discriminative-weighted,1.0,36-40Hz,0.5465415019762846,0.05368177929345925,0.02699883755464356
sub-020,Stable-FBCSP,1.0,4-8Hz,0.5536363636363636,0.10363237631883002,0.01500536899041818
sub-020,Stable-FBCSP,1.0,8-12Hz,0.6023418972332016,0.11983623084299752,0.09202520477016111
sub-020,Stable-FBCSP,1.0,12-16Hz,0.5917391304347827,0.032776380448608235,0.5225262505095676
sub-020,Stable-FBCSP,1.0,16-20Hz,0.5901877470355732,0.1402633992239881,0.031345688937075775
sub-020,Stable-FBCSP,1.0,20-24Hz,0.5363537549407115,0.0766644292759803,0.013548296242102534
sub-020,Stable-FBCSP,1.0,24-28Hz,0.5519169960474308,0.014000173523629856,0.13657321237007974
sub-020,Stable-FBCSP,1.0,28-32Hz,0.5559288537549407,0.04703794792556701,0.07061970572340126
sub-020,Stable-FBCSP,1.0,32-36Hz,0.5714920948616601,0.07026037957812194,0.07955175230487405
sub-020,Stable-FBCSP,1.0,36-40Hz,0.5465415019762846,0.05368177929345925,0.038804520152319805
sub-021,FBCSP-equal,1.0,4-8Hz,0.6354981884057971,0.08600388647094089,1.0
sub-021,FBCSP-equal,1.0,8-12Hz,0.5305706521739131,0.06704092321721901,1.0
sub-021,FBCSP-equal,1.0,12-16Hz,0.575498188405797,0.06049929640019036,1.0
sub-021,FBCSP-equal,1.0,16-20Hz,0.5240217391304348,0.019867151593909126,1.0
sub-021,FBCSP-equal,1.0,20-24Hz,0.5438858695652175,0.06343154433244445,1.0
sub-021,FBCSP-equal,1.0,24-28Hz,0.524945652173913,0.03887099058896982,1.0
sub-021,FBCSP-equal,1.0,28-32Hz,0.5638134057971015,0.06544969383583206,1.0
sub-021,FBCSP-equal,1.0,32-36Hz,0.5397373188405797,0.024499122518460596,1.0
sub-021,FBCSP-equal,1.0,36-40Hz,0.5301539855072464,0.010199335694984612,1.0
sub-021,FBCSP-discriminative-weighted,1.0,4-8Hz,0.6354981884057971,0.08600388647094089,0.6320269261342375
sub-021,FBCSP-discriminative-weighted,1.0,8-12Hz,0.5305706521739131,0.06704092321721901,0.02855847265663349
sub-021,FBCSP-discriminative-weighted,1.0,12-16Hz,0.575498188405797,0.06049929640019036,0.10755559958891966
sub-021,FBCSP-discriminative-weighted,1.0,16-20Hz,0.5240217391304348,0.019867151593909126,0.023539029211208585
sub-021,FBCSP-discriminative-weighted,1.0,20-24Hz,0.5438858695652175,0.06343154433244445,0.042307215151040675
sub-021,FBCSP-discriminative-weighted,1.0,24-28Hz,0.524945652173913,0.03887099058896982,0.02418976295481338
sub-021,FBCSP-discriminative-weighted,1.0,28-32Hz,0.5638134057971015,0.06544969383583206,0.07618212624293229
sub-021,FBCSP-discriminative-weighted,1.0,32-36Hz,0.5397373188405797,0.024499122518460596,0.03743145908908134
sub-021,FBCSP-discriminative-weighted,1.0,36-40Hz,0.5301539855072464,0.010199335694984612,0.028209408971132978
sub-021,Stable-FBCSP,1.0,4-8Hz,0.6354981884057971,0.08600388647094089,0.21796507024261796
sub-021,Stable-FBCSP,1.0,8-12Hz,0.5305706521739131,0.06704092321721901,0.021421549157519225
sub-021,Stable-FBCSP,1.0,12-16Hz,0.575498188405797,0.06049929640019036,0.10547841734031205
sub-021,Stable-FBCSP,1.0,16-20Hz,0.5240217391304348,0.019867151593909126,0.12201355924152235
sub-021,Stable-FBCSP,1.0,20-24Hz,0.5438858695652175,0.06343154433244445,0.03679279519910378
sub-021,Stable-FBCSP,1.0,24-28Hz,0.524945652173913,0.03887099058896982,0.057551832961723774
sub-021,Stable-FBCSP,1.0,28-32Hz,0.5638134057971015,0.06544969383583206,0.06099391059216013
sub-021,Stable-FBCSP,1.0,32-36Hz,0.5397373188405797,0.024499122518460596,0.16048181502369363
sub-021,Stable-FBCSP,1.0,36-40Hz,0.5301539855072464,0.010199335694984612,0.21730105024134694
sub-022,FBCSP-equal,1.0,4-8Hz,0.6470454545454545,0.06276802036200672,1.0
sub-022,FBCSP-equal,1.0,8-12Hz,0.5443181818181818,0.04201227191828046,1.0
sub-022,FBCSP-equal,1.0,12-16Hz,0.5386363636363636,0.08014836449097704,1.0
sub-022,FBCSP-equal,1.0,16-20Hz,0.5420454545454545,0.045764285580687764,1.0
sub-022,FBCSP-equal,1.0,20-24Hz,0.5506818181818183,0.016139564343255478,1.0
sub-022,FBCSP-equal,1.0,24-28Hz,0.5486363636363637,0.06596236091780856,1.0
sub-022,FBCSP-equal,1.0,28-32Hz,0.47,0.05916079783099617,1.0
sub-022,FBCSP-equal,1.0,32-36Hz,0.48,0.020000000000000004,1.0
sub-022,FBCSP-equal,1.0,36-40Hz,0.46931818181818186,0.06699073267596654,1.0
sub-022,FBCSP-discriminative-weighted,1.0,4-8Hz,0.6470454545454545,0.06276802036200672,0.5494325809153227
sub-022,FBCSP-discriminative-weighted,1.0,8-12Hz,0.5443181818181818,0.04201227191828046,0.07711921487235326
sub-022,FBCSP-discriminative-weighted,1.0,12-16Hz,0.5386363636363636,0.08014836449097704,0.069182638834642
sub-022,FBCSP-discriminative-weighted,1.0,16-20Hz,0.5420454545454545,0.045764285580687764,0.07384080268202751
sub-022,FBCSP-discriminative-weighted,1.0,20-24Hz,0.5506818181818183,0.016139564343255478,0.0870939389986835
sub-022,FBCSP-discriminative-weighted,1.0,24-28Hz,0.5486363636363637,0.06596236091780856,0.08375454071068807
sub-022,FBCSP-discriminative-weighted,1.0,28-32Hz,0.47,0.05916079783099617,0.018631086012785392
sub-022,FBCSP-discriminative-weighted,1.0,32-36Hz,0.48,0.020000000000000004,0.02255534160343128
sub-022,FBCSP-discriminative-weighted,1.0,36-40Hz,0.46931818181818186,0.06699073267596654,0.018389855370066353
sub-022,Stable-FBCSP,1.0,4-8Hz,0.6470454545454545,0.06276802036200672,0.2634577321287306
sub-022,Stable-FBCSP,1.0,8-12Hz,0.5443181818181818,0.04201227191828046,0.10128995987971064
sub-022,Stable-FBCSP,1.0,12-16Hz,0.5386363636363636,0.08014836449097704,0.014267645145152545
sub-022,Stable-FBCSP,1.0,16-20Hz,0.5420454545454545,0.045764285580687764,0.08083398830860214
sub-022,Stable-FBCSP,1.0,20-24Hz,0.5506818181818183,0.016139564343255478,0.40168281087782465
sub-022,Stable-FBCSP,1.0,24-28Hz,0.5486363636363637,0.06596236091780856,0.03439192564432121
sub-022,Stable-FBCSP,1.0,28-32Hz,0.47,0.05916079783099617,0.010643591164721166
sub-022,Stable-FBCSP,1.0,32-36Hz,0.48,0.020000000000000004,0.08624870620374568
sub-022,Stable-FBCSP,1.0,36-40Hz,0.46931818181818186,0.06699073267596654,0.007183640647191464
sub-023,FBCSP-equal,1.0,4-8Hz,0.6472010869565218,0.05934764567379804,1.0
sub-023,FBCSP-equal,1.0,8-12Hz,0.540018115942029,0.07069531152430537,1.0
sub-023,FBCSP-equal,1.0,12-16Hz,0.49367753623188404,0.02393364149104883,1.0
sub-023,FBCSP-equal,1.0,16-20Hz,0.4628985507246377,0.07801329600861179,1.0
sub-023,FBCSP-equal,1.0,20-24Hz,0.5202083333333334,0.05099147191769751,1.0
sub-023,FBCSP-equal,1.0,24-28Hz,0.5301902173913043,0.029938844222489512,1.0
sub-023,FBCSP-equal,1.0,28-32Hz,0.525,0.02598076211353318,1.0
sub-023,FBCSP-equal,1.0,32-36Hz,0.468106884057971,0.07360582097430339,1.0
sub-023,FBCSP-equal,1.0,36-40Hz,0.5145471014492754,0.026252662870906752,1.0
sub-023,FBCSP-discriminative-weighted,1.0,4-8Hz,0.6472010869565218,0.05934764567379804,0.6349355848685883
sub-023,FBCSP-discriminative-weighted,1.0,8-12Hz,0.540018115942029,0.07069531152430537,0.07735971822653598
sub-023,FBCSP-discriminative-weighted,1.0,12-16Hz,0.49367753623188404,0.02393364149104883,0.03113536247570158
sub-023,FBCSP-discriminative-weighted,1.0,16-20Hz,0.4628985507246377,0.07801329600861179,0.017010819945553958
sub-023,FBCSP-discriminative-weighted,1.0,20-24Hz,0.5202083333333334,0.05099147191769751,0.05242612698934516
sub-023,FBCSP-discriminative-weighted,1.0,24-28Hz,0.5301902173913043,0.029938844222489512,0.06378051698420213
sub-023,FBCSP-discriminative-weighted,1.0,28-32Hz,0.525,0.02598076211353318,0.05759943061673415
sub-023,FBCSP-discriminative-weighted,1.0,32-36Hz,0.468106884057971,0.07360582097430339,0.018842981081033827
sub-023,FBCSP-discriminative-weighted,1.0,36-40Hz,0.5145471014492754,0.026252662870906752,0.046909458812304974
sub-023,Stable-FBCSP,1.0,4-8Hz,0.6472010869565218,0.05934764567379804,0.3750304665016037
sub-023,Stable-FBCSP,1.0,8-12Hz,0.540018115942029,0.07069531152430537,0.026793486557437875
sub-023,Stable-FBCSP,1.0,12-16Hz,0.49367753623188404,0.02393364149104883,0.0972896910459475
sub-023,Stable-FBCSP,1.0,16-20Hz,0.4628985507246377,0.07801329600861179,0.004175801128260624
sub-023,Stable-FBCSP,1.0,20-24Hz,0.5202083333333334,0.05099147191769751,0.04587686319341219
sub-023,Stable-FBCSP,1.0,24-28Hz,0.5301902173913043,0.029938844222489512,0.15025193821162086
sub-023,Stable-FBCSP,1.0,28-32Hz,0.525,0.02598076211353318,0.1634595387603203
sub-023,Stable-FBCSP,1.0,32-36Hz,0.468106884057971,0.07360582097430339,0.005691213694304251
sub-023,Stable-FBCSP,1.0,36-40Hz,0.5145471014492754,0.026252662870906752,0.13143100090709287
sub-024,FBCSP-equal,1.0,4-8Hz,0.5222557814992026,0.020813045449855707,1.0
sub-024,FBCSP-equal,1.0,8-12Hz,0.5461682615629985,0.06161282301424106,1.0
sub-024,FBCSP-equal,1.0,12-16Hz,0.5592065390749601,0.03786444221757206,1.0
sub-024,FBCSP-equal,1.0,16-20Hz,0.5006459330143541,0.04151794463427363,1.0
sub-024,FBCSP-equal,1.0,20-24Hz,0.4852791068580542,0.03150929319730934,1.0
sub-024,FBCSP-equal,1.0,24-28Hz,0.5116995614035088,0.03591988489574583,1.0
sub-024,FBCSP-equal,1.0,28-32Hz,0.5063835725677831,0.008886524031594232,1.0
sub-024,FBCSP-equal,1.0,32-36Hz,0.5452173046251994,0.045560943346656495,1.0
sub-024,FBCSP-equal,1.0,36-40Hz,0.46099980063795853,0.09551926036003291,1.0
sub-024,FBCSP-discriminative-weighted,1.0,4-8Hz,0.5222557814992026,0.020813045449855707,0.09056405510535377
sub-024,FBCSP-discriminative-weighted,1.0,8-12Hz,0.5461682615629985,0.06161282301424106,0.20215987933399907
sub-024,FBCSP-discriminative-weighted,1.0,12-16Hz,0.5592065390749601,0.03786444221757206,0.3132167193157196
sub-024,FBCSP-discriminative-weighted,1.0,16-20Hz,0.5006459330143541,0.04151794463427363,0.04383270591736661
sub-024,FBCSP-discriminative-weighted,1.0,20-24Hz,0.4852791068580542,0.03150929319730934,0.026163076451534283
sub-024,FBCSP-discriminative-weighted,1.0,24-28Hz,0.5116995614035088,0.03591988489574583,0.06353370279174149
sub-024,FBCSP-discriminative-weighted,1.0,28-32Hz,0.5063835725677831,0.008886524031594232,0.05314665027460344
sub-024,FBCSP-discriminative-weighted,1.0,32-36Hz,0.5452173046251994,0.045560943346656495,0.19580610731094392
sub-024,FBCSP-discriminative-weighted,1.0,36-40Hz,0.46099980063795853,0.09551926036003291,0.01157710349873786
sub-024,Stable-FBCSP,1.0,4-8Hz,0.5222557814992026,0.020813045449855707,0.18002800822964082
sub-024,Stable-FBCSP,1.0,8-12Hz,0.5461682615629985,0.06161282301424106,0.07081891630831584
sub-024,Stable-FBCSP,1.0,12-16Hz,0.5592065390749601,0.03786444221757206,0.3013979045426215
sub-024,Stable-FBCSP,1.0,16-20Hz,0.5006459330143541,0.04151794463427363,0.03610616186922957
sub-024,Stable-FBCSP,1.0,20-24Hz,0.4852791068580542,0.03150929319730934,0.032992822552000034
sub-024,Stable-FBCSP,1.0,24-28Hz,0.5116995614035088,0.03591988489574583,0.06640984956923601
sub-024,Stable-FBCSP,1.0,28-32Hz,0.5063835725677831,0.008886524031594232,0.17548807863826116
sub-024,Stable-FBCSP,1.0,32-36Hz,0.5452173046251994,0.045560943346656495,0.1357999509904643
sub-024,Stable-FBCSP,1.0,36-40Hz,0.46099980063795853,0.09551926036003291,0.0009583073002308284
sub-025,FBCSP-equal,1.0,4-8Hz,0.4839221014492754,0.03612061151646317,1.0
sub-025,FBCSP-equal,1.0,8-12Hz,0.6003170289855072,0.09679613941650192,1.0
sub-025,FBCSP-equal,1.0,12-16Hz,0.4694087615283268,0.020927467746431654,1.0
sub-025,FBCSP-equal,1.0,16-20Hz,0.48178112648221344,0.010799686390730116,1.0
sub-025,FBCSP-equal,1.0,20-24Hz,0.5346467391304348,0.05896862615305805,1.0
sub-025,FBCSP-equal,1.0,24-28Hz,0.5252388010540184,0.033865279503196906,1.0
sub-025,FBCSP-equal,1.0,28-32Hz,0.4983119235836627,0.01818808436170179,1.0
sub-025,FBCSP-equal,1.0,32-36Hz,0.4924036561264822,0.05696705470066751,1.0
sub-025,FBCSP-equal,1.0,36-40Hz,0.47850790513833996,0.022688304365081662,1.0
sub-025,FBCSP-discriminative-weighted,1.0,4-8Hz,0.4839221014492754,0.03612061151646317,0.030270701436970904
sub-025,FBCSP-discriminative-weighted,1.0,8-12Hz,0.6003170289855072,0.09679613941650192,0.6121348834023121
sub-025,FBCSP-discriminative-weighted,1.0,12-16Hz,0.4694087615283268,0.020927467746431654,0.020806478253125003
sub-025,FBCSP-discriminative-weighted,1.0,16-20Hz,0.48178112648221344,0.010799686390730116,0.028641982250158793
sub-025,FBCSP-discriminative-weighted,1.0,20-24Hz,0.5346467391304348,0.05896862615305805,0.11222711947665018
sub-025,FBCSP-discriminative-weighted,1.0,24-28Hz,0.5252388010540184,0.033865279503196906,0.08801384029297447
sub-025,FBCSP-discriminative-weighted,1.0,28-32Hz,0.4983119235836627,0.01818808436170179,0.04389960948808806
sub-025,FBCSP-discriminative-weighted,1.0,32-36Hz,0.4924036561264822,0.05696705470066751,0.03768567638113602
sub-025,FBCSP-discriminative-weighted,1.0,36-40Hz,0.47850790513833996,0.022688304365081662,0.026319709018584613
sub-025,Stable-FBCSP,1.0,4-8Hz,0.4839221014492754,0.03612061151646317,0.06129277685715402
sub-025,Stable-FBCSP,1.0,8-12Hz,0.6003170289855072,0.09679613941650192,0.11625433692565026
sub-025,Stable-FBCSP,1.0,12-16Hz,0.4694087615283268,0.020927467746431654,0.07619957895869761
sub-025,Stable-FBCSP,1.0,16-20Hz,0.48178112648221344,0.010799686390730116,0.15571073935621396
sub-025,Stable-FBCSP,1.0,20-24Hz,0.5346467391304348,0.05896862615305805,0.09320651910910947
sub-025,Stable-FBCSP,1.0,24-28Hz,0.5252388010540184,0.033865279503196906,0.19459981106130955
sub-025,Stable-FBCSP,1.0,28-32Hz,0.4983119235836627,0.01818808436170179,0.17890355215747827
sub-025,Stable-FBCSP,1.0,32-36Hz,0.4924036561264822,0.05696705470066751,0.03384003411099364
sub-025,Stable-FBCSP,1.0,36-40Hz,0.47850790513833996,0.022688304365081662,0.08999265146339318
