subject,seed,epoch,train_loss,val_loss,val_accuracy,val_balanced_accuracy,val_macro_f1,val_kappa,best_epoch,best_val_balanced_accuracy
sub-001,3407,1,0.7167853355407715,0.6902690529823303,0.4125,0.4125,0.40496914068681755,-0.17500000000000004,1,0.4125
sub-001,3407,2,0.6878326892852783,0.6816449165344238,0.5,0.5,0.4791666666666667,0.0,2,0.5
sub-001,3407,3,0.680116331577301,0.6705229878425598,0.5,0.5,0.4791666666666667,0.0,2,0.5
sub-001,3407,4,0.6593014478683472,0.6595962047576904,0.5375,0.5375,0.5249558658321297,0.07499999999999996,4,0.5375
sub-001,3407,5,0.6580352306365966,0.6529504060745239,0.5375,0.5375000000000001,0.5285873546743112,0.07499999999999996,4,0.5375
sub-001,3407,6,0.6550291299819946,0.6528784036636353,0.525,0.525,0.5223130106851037,0.050000000000000044,4,0.5375
sub-001,3407,7,0.6399565219879151,0.6485434770584106,0.5625,0.5625,0.5607843137254902,0.125,7,0.5625
sub-001,3407,8,0.613438856601715,0.6409735083580017,0.575,0.575,0.5707070707070707,0.15000000000000002,8,0.575
sub-001,3407,9,0.6113052845001221,0.6312055885791779,0.55,0.55,0.5474544311753614,0.09999999999999998,8,0.575
sub-001,3407,10,0.5926194071769715,0.6288828551769257,0.55,0.55,0.5454545454545454,0.09999999999999998,8,0.575
sub-001,3407,11,0.5906803846359253,0.6344859004020691,0.5375,0.5375,0.5339316643048339,0.07499999999999996,8,0.575
sub-001,3407,12,0.6032914042472839,0.6295726597309113,0.5375,0.5375,0.5339316643048339,0.07499999999999996,8,0.575
sub-001,3407,13,0.5719568848609924,0.6287766098976135,0.5375,0.5375,0.5339316643048339,0.07499999999999996,8,0.575
sub-001,3407,14,0.5660746216773986,0.6421486437320709,0.525,0.525,0.5202020202020202,0.050000000000000044,8,0.575
sub-001,3407,15,0.5679897189140319,0.6559827029705048,0.5,0.5,0.4949494949494949,0.0,8,0.575
sub-001,3407,16,0.5514814496040344,0.6615942418575287,0.5,0.5,0.4949494949494949,0.0,8,0.575
sub-001,3407,17,0.5470128059387207,0.6671057045459747,0.5125,0.5125,0.5062509890805508,0.025000000000000022,8,0.575
sub-001,3407,18,0.5511434435844421,0.6580164432525635,0.5375,0.5375,0.531571451178984,0.07499999999999996,8,0.575
sub-002,3407,1,0.7372410297393799,0.6888941824436188,0.5512820512820513,0.5414473684210527,0.4671091157524888,0.08450704225352101,1,0.5414473684210527
sub-002,3407,2,0.6937307596206665,0.6790992617607117,0.5769230769230769,0.5703947368421052,0.5438596491228069,0.14257161892071957,2,0.5703947368421052
sub-002,3407,3,0.6581436634063721,0.6643950343132019,0.6923076923076923,0.6888157894736842,0.6848484848484848,0.38013245033112575,3,0.6888157894736842
sub-002,3407,4,0.6237783551216125,0.6494176089763641,0.6794871794871795,0.6776315789473684,0.6768848384424193,0.3564356435643564,3,0.6888157894736842
sub-002,3407,5,0.594202709197998,0.6359479427337646,0.6794871794871795,0.6782894736842104,0.678164713649117,0.3572841133816743,3,0.6888157894736842
sub-002,3407,6,0.5668293833732605,0.6232313215732574,0.6794871794871795,0.6789473684210526,0.6790123456790123,0.35813034891375906,3,0.6888157894736842
sub-002,3407,7,0.5717792093753815,0.6021987795829773,0.6923076923076923,0.6914473684210527,0.6914963744232037,0.3833992094861659,7,0.6914473684210527
sub-002,3407,8,0.5376122474670411,0.5829426646232605,0.717948717948718,0.7184210526315788,0.717948717948718,0.4362680683311433,8,0.7184210526315788
sub-002,3407,9,0.5186385929584503,0.5708047747612,0.7435897435897436,0.7440789473684211,0.7435897435897436,0.48751642575558485,9,0.7440789473684211
sub-002,3407,10,0.5203623056411744,0.5623853206634521,0.7692307692307693,0.7703947368421052,0.7690789473684211,0.5393700787401575,10,0.7703947368421052
sub-002,3407,11,0.48482983708381655,0.5554968118667603,0.7948717948717948,0.7960526315789473,0.7947368421052632,0.5905511811023623,11,0.7960526315789473
sub-002,3407,12,0.48834103941917417,0.5497163236141205,0.782051282051282,0.7828947368421053,0.7820154529015289,0.5646749835850295,11,0.7960526315789473
sub-002,3407,13,0.4878148674964905,0.5389528572559357,0.782051282051282,0.7822368421052632,0.7820154529015289,0.5641025641025641,11,0.7960526315789473
sub-002,3407,14,0.43639807105064393,0.5263266265392303,0.7564102564102564,0.7572368421052631,0.7563702120664146,0.5134602757715037,11,0.7960526315789473
sub-002,3407,15,0.4235097825527191,0.5174248814582825,0.7692307692307693,0.7703947368421052,0.7690789473684211,0.5393700787401575,11,0.7960526315789473
sub-002,3407,16,0.4176146566867828,0.5220039635896683,0.782051282051282,0.7828947368421053,0.7820154529015289,0.5646749835850295,11,0.7960526315789473
sub-002,3407,17,0.39083616733551024,0.5245572328567505,0.7692307692307693,0.7703947368421052,0.7690789473684211,0.5393700787401575,11,0.7960526315789473
sub-002,3407,18,0.3943366646766663,0.512405589222908,0.7692307692307693,0.7684210526315789,0.7686222808174028,0.5375494071146245,11,0.7960526315789473
sub-002,3407,19,0.3943385362625122,0.4958266019821167,0.7948717948717948,0.7947368421052632,0.7947368421052632,0.5894736842105263,11,0.7960526315789473
sub-002,3407,20,0.3663724184036255,0.4680046886205673,0.782051282051282,0.7815789473684212,0.7817283950617284,0.5635286372613562,11,0.7960526315789473
sub-002,3407,21,0.34098595976829527,0.44535720348358154,0.8205128205128205,0.8203947368421052,0.8203947368421052,0.6407894736842106,21,0.8203947368421052
sub-002,3407,22,0.36601616740226744,0.44313371181488037,0.8076923076923077,0.8078947368421052,0.8076606937366431,0.6153846153846154,21,0.8203947368421052
sub-002,3407,23,0.32867170572280885,0.45141465961933136,0.782051282051282,0.7822368421052632,0.7820154529015289,0.5641025641025641,21,0.8203947368421052
sub-002,3407,24,0.3331751525402069,0.4532526582479477,0.7948717948717948,0.7960526315789473,0.7947368421052632,0.5905511811023623,21,0.8203947368421052
sub-002,3407,25,0.3181314319372177,0.45516781508922577,0.8076923076923077,0.8092105263157895,0.8074074074074074,0.6163934426229508,21,0.8203947368421052
sub-002,3407,26,0.30991623401641843,0.42528320848941803,0.7948717948717948,0.7953947368421053,0.7948717948717948,0.5900131406044679,21,0.8203947368421052
sub-002,3407,27,0.2782445549964905,0.3994509130716324,0.782051282051282,0.7822368421052632,0.7820154529015289,0.5641025641025641,21,0.8203947368421052
sub-002,3407,28,0.29686057567596436,0.386292040348053,0.8076923076923077,0.8072368421052631,0.8074074074074074,0.6148782093482554,21,0.8203947368421052
sub-002,3407,29,0.28589046895504,0.3872614949941635,0.8076923076923077,0.8078947368421052,0.8076606937366431,0.6153846153846154,21,0.8203947368421052
sub-002,3407,30,0.24757667481899262,0.39030034840106964,0.782051282051282,0.7822368421052632,0.7820154529015289,0.5641025641025641,21,0.8203947368421052
sub-002,3407,31,0.2635750353336334,0.38628414273262024,0.7948717948717948,0.7953947368421053,0.7948717948717948,0.5900131406044679,21,0.8203947368421052
sub-003,3407,1,0.7586266875267029,0.6862852573394775,0.5584415584415584,0.5576923076923077,0.5565718157181572,0.11554054054054053,1,0.5576923076923077
sub-003,3407,2,0.6759373545646667,0.687456876039505,0.5714285714285714,0.5705128205128205,0.5688104530799254,0.1412639405204461,2,0.5705128205128205
sub-003,3407,3,0.690225875377655,0.6914434731006622,0.5584415584415584,0.5573549257759784,0.5547619047619048,0.11494252873563215,2,0.5705128205128205
sub-003,3407,4,0.6640095353126526,0.6947570443153381,0.5974025974025974,0.5961538461538461,0.5930093776641091,0.19276293540750755,4,0.5961538461538461
sub-003,3407,5,0.6535184383392334,0.6994078159332275,0.5714285714285714,0.5708502024291497,0.5702688990360223,0.14184397163120566,4,0.5961538461538461
sub-003,3407,6,0.6251495122909546,0.7051609456539154,0.5844155844155844,0.584008097165992,0.5837837837837838,0.1681296421336934,4,0.5961538461538461
sub-003,3407,7,0.6156204462051391,0.7026092112064362,0.5714285714285714,0.5711875843454791,0.5711392405063291,0.1424232197097537,4,0.5961538461538461
sub-003,3407,8,0.6149567484855651,0.7002556324005127,0.6103896103896104,0.6096491228070176,0.608739837398374,0.21959459459459463,8,0.6096491228070176
sub-003,3407,9,0.5959792375564575,0.6964831948280334,0.6233766233766234,0.6224696356275303,0.621075852706601,0.24535315985130113,9,0.6224696356275303
sub-003,3407,10,0.5765206933021545,0.7109146118164062,0.5844155844155844,0.5836707152496626,0.5826558265582655,0.16756756756756752,9,0.6224696356275303
sub-003,3407,11,0.5750445485115051,0.725311666727066,0.5974025974025974,0.5968286099865048,0.5963132081853543,0.19385342789598103,9,0.6224696356275303
sub-003,3407,12,0.5722496747970581,0.7389128804206848,0.5974025974025974,0.5968286099865048,0.5963132081853543,0.19385342789598103,9,0.6224696356275303
sub-003,3407,13,0.5451100707054138,0.7268240451812744,0.5974025974025974,0.5964912280701754,0.5949431528932632,0.19330855018587367,9,0.6224696356275303
sub-003,3407,14,0.5429247617721558,0.7047340571880341,0.6103896103896104,0.6099865047233468,0.6097972972972974,0.22012153950033753,9,0.6224696356275303
sub-003,3407,15,0.5041145563125611,0.7055682241916656,0.5974025974025974,0.5968286099865048,0.5963132081853543,0.19385342789598103,9,0.6224696356275303
sub-003,3407,16,0.508240008354187,0.704293817281723,0.6103896103896104,0.6096491228070176,0.608739837398374,0.21959459459459463,9,0.6224696356275303
sub-003,3407,17,0.4843184471130371,0.7035133540630341,0.6233766233766234,0.6228070175438596,0.6223575173346862,0.24586288416075652,17,0.6228070175438596
sub-003,3407,18,0.49775869846343995,0.713841050863266,0.6233766233766234,0.6228070175438596,0.6223575173346862,0.24586288416075652,17,0.6228070175438596
sub-003,3407,19,0.48110257387161254,0.7467887699604034,0.6103896103896104,0.6096491228070176,0.608739837398374,0.21959459459459463,17,0.6228070175438596
sub-003,3407,20,0.48869414925575255,0.7625623345375061,0.5974025974025974,0.5964912280701754,0.5949431528932632,0.19330855018587367,17,0.6228070175438596
sub-003,3407,21,0.47961370944976806,0.7768547534942627,0.6103896103896104,0.6096491228070176,0.608739837398374,0.21959459459459463,17,0.6228070175438596
sub-003,3407,22,0.4867616295814514,0.777521163225174,0.6103896103896104,0.6099865047233468,0.6097972972972974,0.22012153950033753,17,0.6228070175438596
sub-003,3407,23,0.44547238349914553,0.7674797177314758,0.5974025974025974,0.597165991902834,0.5971308016877637,0.19439757003037472,17,0.6228070175438596
sub-003,3407,24,0.4703678488731384,0.761916995048523,0.5844155844155844,0.584008097165992,0.5837837837837838,0.1681296421336934,17,0.6228070175438596
sub-003,3407,25,0.44695647358894347,0.7402906715869904,0.5844155844155844,0.584008097165992,0.5837837837837838,0.1681296421336934,17,0.6228070175438596
sub-003,3407,26,0.4393946886062622,0.7191506028175354,0.6233766233766234,0.623144399460189,0.6231223628691983,0.24637192035099564,26,0.623144399460189
sub-003,3407,27,0.43815351724624635,0.7044093608856201,0.6233766233766234,0.6228070175438596,0.6223575173346862,0.24586288416075652,26,0.623144399460189
sub-003,3407,28,0.4143732488155365,0.6940114498138428,0.6103896103896104,0.6099865047233468,0.6097972972972974,0.22012153950033753,26,0.623144399460189
sub-003,3407,29,0.4345050036907196,0.6875042021274567,0.5974025974025974,0.5968286099865048,0.5963132081853543,0.19385342789598103,26,0.623144399460189
sub-003,3407,30,0.445451420545578,0.6902193129062653,0.5844155844155844,0.584008097165992,0.5837837837837838,0.1681296421336934,26,0.623144399460189
sub-003,3407,31,0.42312938570976255,0.7016776502132416,0.5844155844155844,0.584008097165992,0.5837837837837838,0.1681296421336934,26,0.623144399460189
sub-003,3407,32,0.399643075466156,0.7185992002487183,0.6103896103896104,0.6099865047233468,0.6097972972972974,0.22012153950033753,26,0.623144399460189
sub-003,3407,33,0.4087663352489471,0.7037292420864105,0.6233766233766234,0.623144399460189,0.6231223628691983,0.24637192035099564,26,0.623144399460189
sub-003,3407,34,0.39716975688934325,0.689226895570755,0.6103896103896104,0.6096491228070176,0.608739837398374,0.21959459459459463,26,0.623144399460189
sub-003,3407,35,0.39091464281082156,0.6859687268733978,0.6363636363636364,0.6356275303643725,0.6348238482384825,0.2716216216216216,35,0.6356275303643725
sub-003,3407,36,0.3966845810413361,0.7045517861843109,0.6233766233766234,0.6224696356275303,0.621075852706601,0.24535315985130113,35,0.6356275303643725
sub-003,3407,37,0.3705026090145111,0.717270016670227,0.6233766233766234,0.6224696356275303,0.621075852706601,0.24535315985130113,35,0.6356275303643725
sub-003,3407,38,0.39062589406967163,0.7209703922271729,0.6233766233766234,0.6224696356275303,0.621075852706601,0.24535315985130113,35,0.6356275303643725
sub-003,3407,39,0.3770590901374817,0.7333329021930695,0.6363636363636364,0.6356275303643725,0.6348238482384825,0.2716216216216216,35,0.6356275303643725
sub-003,3407,40,0.36376006007194517,0.7344619333744049,0.6363636363636364,0.6356275303643725,0.6348238482384825,0.2716216216216216,35,0.6356275303643725
sub-003,3407,41,0.386115038394928,0.7298305332660675,0.6363636363636364,0.6356275303643725,0.6348238482384825,0.2716216216216216,35,0.6356275303643725
sub-003,3407,42,0.34714930653572085,0.7255201041698456,0.6363636363636364,0.6352901484480432,0.6333333333333333,0.2711291413116971,35,0.6356275303643725
sub-003,3407,43,0.38154472708702086,0.7324735820293427,0.6363636363636364,0.6352901484480432,0.6333333333333333,0.2711291413116971,35,0.6356275303643725
sub-003,3407,44,0.3394999444484711,0.7551614344120026,0.6233766233766234,0.6224696356275303,0.621075852706601,0.24535315985130113,35,0.6356275303643725
sub-003,3407,45,0.3607576906681061,0.7630917727947235,0.6233766233766234,0.6224696356275303,0.621075852706601,0.24535315985130113,35,0.6356275303643725
sub-004,3407,1,0.7017147779464722,0.6885821521282196,0.5466666666666666,0.5438034188034189,0.5426829268292683,0.08798283261802575,1,0.5438034188034189
sub-004,3407,2,0.6984505891799927,0.6841351985931396,0.5333333333333333,0.532051282051282,0.5320021394187913,0.06417112299465233,1,0.5438034188034189
sub-004,3407,3,0.6750076651573181,0.6797614097595215,0.5466666666666666,0.5448717948717949,0.5446428571428571,0.08993576017130622,3,0.5448717948717949
sub-004,3407,4,0.6398842215538025,0.6794969141483307,0.56,0.5587606837606838,0.558744874309146,0.11764705882352933,4,0.5587606837606838
sub-004,3407,5,0.6318566799163818,0.6805753409862518,0.5866666666666667,0.5865384615384616,0.5863725315780111,0.17289220917822834,5,0.5865384615384616
sub-004,3407,6,0.6325369954109192,0.6858218610286713,0.6,0.5993589743589745,0.5993589743589745,0.19871794871794868,6,0.5993589743589745
sub-004,3407,7,0.6266309380531311,0.6930983662605286,0.6266666666666667,0.6260683760683761,0.6260683760683761,0.25213675213675213,7,0.6260683760683761
sub-004,3407,8,0.5831845879554749,0.6959410011768341,0.6533333333333333,0.6517094017094017,0.6517857142857143,0.30406852248394,8,0.6517094017094017
sub-004,3407,9,0.6046930909156799,0.6981303095817566,0.6666666666666666,0.6655982905982906,0.6657158138705652,0.3315508021390374,9,0.6655982905982906
sub-004,3407,10,0.5764054298400879,0.70696622133255,0.68,0.6794871794871795,0.6794871794871795,0.3589743589743589,10,0.6794871794871795
sub-004,3407,11,0.5717750787734985,0.7162310481071472,0.64,0.6388888888888888,0.6389730789802104,0.27807486631016043,10,0.6794871794871795
sub-004,3407,12,0.5768942952156066,0.7218509912490845,0.6533333333333333,0.6506410256410257,0.6502869440459111,0.30257510729613735,10,0.6794871794871795
sub-004,3407,13,0.5573385715484619,0.7308416068553925,0.6533333333333333,0.6517094017094017,0.6517857142857143,0.30406852248394,10,0.6794871794871795
sub-004,3407,14,0.5344826221466065,0.7411543130874634,0.6666666666666666,0.6655982905982906,0.6657158138705652,0.3315508021390374,10,0.6794871794871795
sub-004,3407,15,0.5300776362419128,0.7502254545688629,0.6533333333333333,0.6527777777777777,0.6527777777777777,0.30555555555555547,10,0.6794871794871795
sub-004,3407,16,0.517576277256012,0.7512308657169342,0.6533333333333333,0.6527777777777777,0.6527777777777777,0.30555555555555547,10,0.6794871794871795
sub-004,3407,17,0.5162020564079285,0.7569582164287567,0.6533333333333333,0.6527777777777777,0.6527777777777777,0.30555555555555547,10,0.6794871794871795
sub-004,3407,18,0.5368180990219116,0.7703880369663239,0.64,0.6388888888888888,0.6389730789802104,0.27807486631016043,10,0.6794871794871795
sub-004,3407,19,0.5063974618911743,0.7888316512107849,0.6533333333333333,0.6538461538461539,0.653271692745377,0.3070362473347549,10,0.6794871794871795
sub-004,3407,20,0.502950233221054,0.8009811639785767,0.6533333333333333,0.6538461538461539,0.653271692745377,0.3070362473347549,10,0.6794871794871795
sub-005,3407,1,0.7083819031715393,0.6958913803100586,0.47435897435897434,0.47435897435897434,0.41417842095621904,-0.05128205128205132,1,0.47435897435897434
sub-005,3407,2,0.6863377094268799,0.700365424156189,0.47435897435897434,0.47435897435897434,0.41417842095621904,-0.05128205128205132,1,0.47435897435897434
sub-005,3407,3,0.680782151222229,0.7055316269397736,0.5,0.5,0.4750647109577222,0.0,3,0.5
sub-005,3407,4,0.6405808925628662,0.7083530426025391,0.5641025641025641,0.5641025641025641,0.5495923913043479,0.1282051282051282,4,0.5641025641025641
sub-005,3407,5,0.634649133682251,0.7108387649059296,0.5641025641025641,0.5641025641025641,0.5535353535353535,0.1282051282051282,4,0.5641025641025641
sub-005,3407,6,0.600625467300415,0.7133884429931641,0.5897435897435898,0.5897435897435898,0.5828877005347594,0.17948717948717952,6,0.5897435897435898
sub-005,3407,7,0.6166069626808166,0.7161625921726227,0.6153846153846154,0.6153846153846154,0.6112956810631229,0.23076923076923073,7,0.6153846153846154
sub-005,3407,8,0.5736575841903686,0.7162327766418457,0.6025641025641025,0.6025641025641025,0.600924244924905,0.20512820512820518,7,0.6153846153846154
sub-005,3407,9,0.5637115836143494,0.7363905012607574,0.5897435897435898,0.5897435897435896,0.5873015873015873,0.17948717948717952,7,0.6153846153846154
sub-005,3407,10,0.5395580291748047,0.7496165633201599,0.5769230769230769,0.5769230769230769,0.5734879867439934,0.15384615384615385,7,0.6153846153846154
sub-005,3407,11,0.5484094142913818,0.7460493445396423,0.5897435897435898,0.5897435897435898,0.5853820598006645,0.17948717948717952,7,0.6153846153846154
sub-005,3407,12,0.5206427872180939,0.7470747828483582,0.6025641025641025,0.6025641025641025,0.5972013993003498,0.20512820512820518,7,0.6153846153846154
sub-005,3407,13,0.533009922504425,0.7433216273784637,0.5897435897435898,0.5897435897435898,0.5828877005347594,0.17948717948717952,7,0.6153846153846154
sub-005,3407,14,0.5062901139259338,0.7362606525421143,0.5769230769230769,0.5769230769230769,0.5683380848566157,0.15384615384615385,7,0.6153846153846154
sub-005,3407,15,0.5014465272426605,0.7393921911716461,0.6282051282051282,0.6282051282051282,0.6231884057971014,0.2564102564102564,15,0.6282051282051282
sub-005,3407,16,0.484336256980896,0.7556021809577942,0.5769230769230769,0.5769230769230769,0.5712143928035982,0.15384615384615385,15,0.6282051282051282
sub-005,3407,17,0.44548137187957765,0.7784333229064941,0.5641025641025641,0.5641025641025641,0.5568181818181819,0.1282051282051282,15,0.6282051282051282
sub-005,3407,18,0.45993979573249816,0.7792121469974518,0.5384615384615384,0.5384615384615384,0.5272727272727272,0.07692307692307687,15,0.6282051282051282
sub-005,3407,19,0.46740721464157103,0.7805294692516327,0.5384615384615384,0.5384615384615385,0.5335548172757475,0.07692307692307687,15,0.6282051282051282
sub-005,3407,20,0.4303825914859772,0.7670157551765442,0.5641025641025641,0.5641025641025641,0.5568181818181819,0.1282051282051282,15,0.6282051282051282
sub-005,3407,21,0.4531590104103088,0.7491348683834076,0.5384615384615384,0.5384615384615385,0.5335548172757475,0.07692307692307687,15,0.6282051282051282
sub-005,3407,22,0.41075904965400695,0.739021897315979,0.5256410256410257,0.5256410256410257,0.5236837762006932,0.05128205128205132,15,0.6282051282051282
sub-005,3407,23,0.4298067808151245,0.748215526342392,0.5256410256410257,0.5256410256410257,0.5236837762006932,0.05128205128205132,15,0.6282051282051282
sub-005,3407,24,0.4070420742034912,0.7636696398258209,0.5641025641025641,0.5641025641025641,0.5629531970995385,0.1282051282051282,15,0.6282051282051282
sub-005,3407,25,0.4310525953769684,0.7748205363750458,0.5512820512820513,0.5512820512820513,0.5494305991087638,0.10256410256410253,15,0.6282051282051282
sub-006,3407,1,0.6886485576629638,0.6550042629241943,0.8133333333333334,0.813034188034188,0.813034188034188,0.6260683760683761,1,0.813034188034188
sub-006,3407,2,0.5346233308315277,0.573898047208786,0.8666666666666667,0.8664529914529915,0.8664529914529915,0.732905982905983,2,0.8664529914529915
sub-006,3407,3,0.4165699124336243,0.43095241487026215,0.8666666666666667,0.8664529914529915,0.8664529914529915,0.732905982905983,2,0.8664529914529915
sub-006,3407,4,0.30370996594429017,0.3015061393380165,0.8666666666666667,0.8664529914529915,0.8664529914529915,0.732905982905983,2,0.8664529914529915
sub-006,3407,5,0.25651018917560575,0.24174804240465164,0.9066666666666666,0.907051282051282,0.9066002490660025,0.8132337246531484,5,0.907051282051282
sub-006,3407,6,0.20600119829177857,0.20846274495124817,0.9066666666666666,0.907051282051282,0.9066002490660025,0.8132337246531484,5,0.907051282051282
sub-006,3407,7,0.20519264340400695,0.1823442205786705,0.8933333333333333,0.8931623931623931,0.8931623931623931,0.7863247863247863,5,0.907051282051282
sub-006,3407,8,0.17087870538234712,0.16665246710181236,0.9066666666666666,0.905982905982906,0.9064004278837583,0.8128342245989305,5,0.907051282051282
sub-006,3407,9,0.19996934086084367,0.15948220901191235,0.92,0.9198717948717949,0.9198717948717949,0.8397435897435898,9,0.9198717948717949
sub-006,3407,10,0.17076952159404754,0.15546207316219807,0.9333333333333333,0.9326923076923077,0.933143162774113,0.8663101604278075,10,0.9326923076923077
sub-006,3407,11,0.1684107154607773,0.15313374996185303,0.9333333333333333,0.9326923076923077,0.933143162774113,0.8663101604278075,10,0.9326923076923077
sub-006,3407,12,0.14985547512769698,0.15276944637298584,0.9333333333333333,0.9326923076923077,0.933143162774113,0.8663101604278075,10,0.9326923076923077
sub-006,3407,13,0.16028940677642822,0.15086050145328045,0.9333333333333333,0.9326923076923077,0.933143162774113,0.8663101604278075,10,0.9326923076923077
sub-006,3407,14,0.1225259356200695,0.14571447670459747,0.9333333333333333,0.9326923076923077,0.933143162774113,0.8663101604278075,10,0.9326923076923077
sub-006,3407,15,0.11900516748428344,0.14294729754328728,0.92,0.9198717948717949,0.9198717948717949,0.8397435897435898,10,0.9326923076923077
sub-006,3407,16,0.12190263569355012,0.14265400730073452,0.92,0.9198717948717949,0.9198717948717949,0.8397435897435898,10,0.9326923076923077
sub-006,3407,17,0.11243156343698502,0.14165201410651207,0.92,0.9198717948717949,0.9198717948717949,0.8397435897435898,10,0.9326923076923077
sub-006,3407,18,0.1148024171590805,0.14044684916734695,0.92,0.9198717948717949,0.9198717948717949,0.8397435897435898,10,0.9326923076923077
sub-006,3407,19,0.11585956811904907,0.13698317669332027,0.92,0.9198717948717949,0.9198717948717949,0.8397435897435898,10,0.9326923076923077
sub-006,3407,20,0.0891960009932518,0.13560801185667515,0.9333333333333333,0.9326923076923077,0.933143162774113,0.8663101604278075,10,0.9326923076923077
sub-007,3407,1,0.7390304684638977,0.6971689760684967,0.5,0.5,0.4609250398724083,0.0,1,0.5
sub-007,3407,2,0.6746247172355652,0.6801650822162628,0.5384615384615384,0.5384615384615385,0.5335548172757475,0.07692307692307687,2,0.5384615384615385
sub-007,3407,3,0.6669600129127502,0.6560660004615784,0.6282051282051282,0.6282051282051282,0.6281440078908433,0.2564102564102564,3,0.6282051282051282
sub-007,3407,4,0.6500237345695495,0.654802143573761,0.5897435897435898,0.5897435897435898,0.5897435897435898,0.17948717948717952,3,0.6282051282051282
sub-007,3407,5,0.6352253079414367,0.6606007814407349,0.5769230769230769,0.5769230769230769,0.5734879867439934,0.15384615384615385,3,0.6282051282051282
sub-007,3407,6,0.6225036740303039,0.6650867164134979,0.5897435897435898,0.5897435897435896,0.5873015873015873,0.17948717948717952,3,0.6282051282051282
sub-007,3407,7,0.6050953149795533,0.6678134500980377,0.6153846153846154,0.6153846153846154,0.6130952380952381,0.23076923076923073,3,0.6282051282051282
sub-007,3407,8,0.6091529250144958,0.6496129631996155,0.6025641025641025,0.6025641025641026,0.6019753086419752,0.20512820512820518,3,0.6282051282051282
sub-007,3407,9,0.5776686549186707,0.6340367496013641,0.6153846153846154,0.6153846153846154,0.6151315789473684,0.23076923076923073,3,0.6282051282051282
sub-007,3407,10,0.5655785322189331,0.6251580715179443,0.6282051282051282,0.6282051282051282,0.6281440078908433,0.2564102564102564,3,0.6282051282051282
sub-007,3407,11,0.5635387778282166,0.6177737414836884,0.6153846153846154,0.6153846153846154,0.6151315789473684,0.23076923076923073,3,0.6282051282051282
sub-007,3407,12,0.5550382614135743,0.6161943972110748,0.6153846153846154,0.6153846153846154,0.6151315789473684,0.23076923076923073,3,0.6282051282051282
sub-007,3407,13,0.5404188394546509,0.6364984214305878,0.6025641025641025,0.6025641025641026,0.6019753086419752,0.20512820512820518,3,0.6282051282051282
sub-008,3407,1,0.7276622176170349,0.8361493051052094,0.5394736842105263,0.5394736842105263,0.5329236172080772,0.07894736842105265,1,0.5394736842105263
sub-008,3407,2,0.6884351968765259,0.8061903119087219,0.5131578947368421,0.513157894736842,0.513073593073593,0.02631578947368418,1,0.5394736842105263
sub-008,3407,3,0.6471686363220215,0.7620819807052612,0.5657894736842105,0.5657894736842105,0.5651118432460551,0.13157894736842102,3,0.5657894736842105
sub-008,3407,4,0.6295597910881042,0.7222406268119812,0.5921052631578947,0.5921052631578947,0.5914687012311427,0.1842105263157895,4,0.5921052631578947
sub-008,3407,5,0.5923441171646118,0.6845666170120239,0.6578947368421053,0.6578947368421053,0.6576576576576576,0.3157894736842105,5,0.6578947368421053
sub-008,3407,6,0.5818142414093017,0.6180752813816071,0.6578947368421053,0.6578947368421053,0.6578947368421053,0.3157894736842105,5,0.6578947368421053
sub-008,3407,7,0.5713428854942322,0.585047721862793,0.6842105263157895,0.6842105263157895,0.683991683991684,0.368421052631579,7,0.6842105263157895
sub-008,3407,8,0.5510091066360474,0.5542455613613129,0.6578947368421053,0.6578947368421053,0.6578947368421053,0.3157894736842105,7,0.6842105263157895
sub-008,3407,9,0.5369305491447449,0.532920628786087,0.7105263157894737,0.7105263157894737,0.7103257103257103,0.42105263157894735,9,0.7105263157894737
sub-008,3407,10,0.5239569127559662,0.5164525955915451,0.7236842105263158,0.7236842105263157,0.7236363636363636,0.4473684210526315,10,0.7236842105263157
sub-008,3407,11,0.5139359831809998,0.5028977543115616,0.7105263157894737,0.7105263157894737,0.7103257103257103,0.42105263157894735,10,0.7236842105263157
sub-008,3407,12,0.5045413017272949,0.48635628819465637,0.7236842105263158,0.7236842105263157,0.7236363636363636,0.4473684210526315,10,0.7236842105263157
sub-008,3407,13,0.48539166450500487,0.47975771129131317,0.7236842105263158,0.7236842105263157,0.7236363636363636,0.4473684210526315,10,0.7236842105263157
sub-008,3407,14,0.4760563910007477,0.47379420697689056,0.7236842105263158,0.7236842105263158,0.7232529911565806,0.4473684210526315,10,0.7236842105263157
sub-008,3407,15,0.44832833409309386,0.4881548136472702,0.7236842105263158,0.7236842105263157,0.7236363636363636,0.4473684210526315,10,0.7236842105263157
sub-008,3407,16,0.45130125284194944,0.4836597293615341,0.7105263157894737,0.7105263157894737,0.7103257103257103,0.42105263157894735,10,0.7236842105263157
sub-008,3407,17,0.43774346113204954,0.47706805169582367,0.7105263157894737,0.7105263157894737,0.7103257103257103,0.42105263157894735,10,0.7236842105263157
sub-008,3407,18,0.46058279275894165,0.4651838093996048,0.6842105263157895,0.6842105263157895,0.6842105263157895,0.368421052631579,10,0.7236842105263157
sub-008,3407,19,0.42951197028160093,0.45530860126018524,0.6973684210526315,0.6973684210526316,0.6973160173160173,0.39473684210526316,10,0.7236842105263157
sub-008,3407,20,0.4414489269256592,0.45582760870456696,0.7236842105263158,0.7236842105263157,0.7236363636363636,0.4473684210526315,10,0.7236842105263157
sub-009,3407,1,0.7477283954620362,0.6941194832324982,0.5189873417721519,0.5163461538461538,0.4956317204301075,0.03286082474226815,1,0.5163461538461538
sub-009,3407,2,0.6884803771972656,0.6961826980113983,0.5443037974683544,0.5413461538461539,0.5163265306122449,0.0831721470019342,2,0.5413461538461539
sub-009,3407,3,0.6643271803855896,0.6975543200969696,0.5189873417721519,0.5166666666666666,0.5009973404255319,0.033483580167417926,2,0.5413461538461539
sub-009,3407,4,0.6700562119483948,0.7009163796901703,0.5316455696202531,0.530448717948718,0.5267929415573903,0.06103437198843564,2,0.5413461538461539
sub-009,3407,5,0.6501799941062927,0.7043444812297821,0.5569620253164557,0.5560897435897436,0.5543916196615633,0.1123595505617977,5,0.5560897435897436
sub-009,3407,6,0.6433825135231018,0.707381010055542,0.5443037974683544,0.5435897435897435,0.5424710424710424,0.08729139922978169,5,0.5560897435897436
sub-009,3407,7,0.6432787179946899,0.7123436331748962,0.569620253164557,0.5701923076923077,0.5689987163029525,0.1402048655569782,7,0.5701923076923077
sub-009,3407,8,0.643907082080841,0.7149901688098907,0.5822784810126582,0.5826923076923077,0.582010582010582,0.16522574447646488,8,0.5826923076923077
sub-009,3407,9,0.6047195076942444,0.7156704366207123,0.5569620253164557,0.5570512820512821,0.5569620253164557,0.11406600448574178,8,0.5826923076923077
sub-009,3407,10,0.6182616949081421,0.7206758558750153,0.5822784810126582,0.5817307692307692,0.5812048192771084,0.1636188642925891,8,0.5826923076923077
sub-009,3407,11,0.6004223942756652,0.7223232686519623,0.569620253164557,0.569551282051282,0.569551282051282,0.13910256410256405,8,0.5826923076923077
sub-009,3407,12,0.5978344202041626,0.7154887020587921,0.5443037974683544,0.5445512820512821,0.5442307692307693,0.08904548366431775,8,0.5826923076923077
sub-009,3407,13,0.5901412844657898,0.7158795595169067,0.5443037974683544,0.5442307692307693,0.5442307692307693,0.08846153846153837,8,0.5826923076923077
sub-009,3407,14,0.5909802675247192,0.7185722589492798,0.5569620253164557,0.5570512820512821,0.5569620253164557,0.11406600448574178,8,0.5826923076923077
sub-009,3407,15,0.5675570249557496,0.7245802283287048,0.5949367088607594,0.5948717948717949,0.5948717948717949,0.18974358974358974,15,0.5948717948717949
sub-009,3407,16,0.5589229345321656,0.7313069105148315,0.569620253164557,0.569551282051282,0.569551282051282,0.13910256410256405,15,0.5948717948717949
sub-009,3407,17,0.5710285663604736,0.7356410920619965,0.5569620253164557,0.5570512820512821,0.5569620253164557,0.11406600448574178,15,0.5948717948717949
sub-009,3407,18,0.5553982734680176,0.731616735458374,0.5822784810126582,0.582051282051282,0.582010582010582,0.1641551779416479,15,0.5948717948717949
sub-009,3407,19,0.5594802618026733,0.7167985439300537,0.5822784810126582,0.5823717948717948,0.5822784810126582,0.16469080422941373,15,0.5948717948717949
sub-009,3407,20,0.5716336846351624,0.710890918970108,0.6075949367088608,0.6073717948717949,0.6073432740099407,0.21481243988457832,20,0.6073717948717949
sub-009,3407,21,0.568843412399292,0.7086107432842255,0.6075949367088608,0.6076923076923078,0.6075949367088608,0.21531560397308558,21,0.6076923076923078
sub-009,3407,22,0.5358877301216125,0.7124143540859222,0.620253164556962,0.6205128205128205,0.6201923076923077,0.24087123638693142,22,0.6205128205128205
sub-009,3407,23,0.5717591285705567,0.717102438211441,0.6075949367088608,0.6076923076923078,0.6075949367088608,0.21531560397308558,22,0.6205128205128205
sub-009,3407,24,0.5256873607635498,0.7204977571964264,0.620253164556962,0.6198717948717949,0.6197047496790757,0.23989737010904433,22,0.6205128205128205
sub-009,3407,25,0.5245020151138305,0.7166543900966644,0.6075949367088608,0.6073717948717949,0.6073432740099407,0.21481243988457832,22,0.6205128205128205
sub-009,3407,26,0.5339496254920959,0.7152241766452789,0.6075949367088608,0.6076923076923078,0.6075949367088608,0.21531560397308558,22,0.6205128205128205
sub-009,3407,27,0.534000563621521,0.7065886557102203,0.6329113924050633,0.6330128205128205,0.6329113924050633,0.26594040371675753,27,0.6330128205128205
sub-009,3407,28,0.5115036606788635,0.7018088400363922,0.6582278481012658,0.6580128205128206,0.6580086580086579,0.31612696377043925,28,0.6580128205128206
sub-009,3407,29,0.5306691884994507,0.6981454193592072,0.6329113924050633,0.6330128205128205,0.6329113924050633,0.26594040371675753,28,0.6580128205128206
sub-009,3407,30,0.48150175213813784,0.6861287653446198,0.6455696202531646,0.6451923076923077,0.6450577663671373,0.29057087876844134,28,0.6580128205128206
sub-009,3407,31,0.49744328260421755,0.6874308586120605,0.6455696202531646,0.6451923076923077,0.6450577663671373,0.29057087876844134,28,0.6580128205128206
sub-009,3407,32,0.48308655619621277,0.690449595451355,0.6329113924050633,0.6326923076923077,0.6326759660092993,0.26546970182750884,28,0.6580128205128206
sub-009,3407,33,0.45308283567428587,0.6874617636203766,0.6455696202531646,0.6455128205128206,0.6455128205128206,0.291025641025641,28,0.6580128205128206
sub-009,3407,34,0.48066864013671873,0.6852175891399384,0.6708860759493671,0.6701923076923078,0.6695624195624196,0.34082156611039793,34,0.6701923076923078
sub-009,3407,35,0.472190797328949,0.6914035975933075,0.6455696202531646,0.6448717948717948,0.6441441441441441,0.2901155327342747,34,0.6701923076923078
sub-009,3407,36,0.4636250019073486,0.68893763422966,0.6582278481012658,0.6573717948717949,0.6562449637389203,0.31524879614767254,34,0.6701923076923078
sub-009,3407,37,0.43839079737663267,0.6968716681003571,0.6455696202531646,0.6451923076923077,0.6450577663671373,0.29057087876844134,34,0.6701923076923078
sub-009,3407,38,0.45541741847991946,0.7040901184082031,0.6329113924050633,0.6326923076923077,0.6326759660092993,0.26546970182750884,34,0.6701923076923078
sub-009,3407,39,0.44213863611221316,0.7082880139350891,0.6455696202531646,0.6455128205128206,0.6455128205128206,0.291025641025641,34,0.6701923076923078
sub-009,3407,40,0.45195512771606444,0.7096814215183258,0.6708860759493671,0.6701923076923078,0.6695624195624196,0.34082156611039793,34,0.6701923076923078
sub-009,3407,41,0.4499975025653839,0.7049299776554108,0.6582278481012658,0.6573717948717949,0.6562449637389203,0.31524879614767254,34,0.6701923076923078
sub-009,3407,42,0.45132946968078613,0.6848743557929993,0.6582278481012658,0.6573717948717949,0.6562449637389203,0.31524879614767254,34,0.6701923076923078
sub-009,3407,43,0.429435795545578,0.6740401685237885,0.6708860759493671,0.6698717948717949,0.66828165374677,0.340398201669878,34,0.6701923076923078
sub-009,3407,44,0.435496324300766,0.6743879616260529,0.6582278481012658,0.657051282051282,0.6546867411364741,0.3148088660456152,34,0.6701923076923078
sub-010,3407,1,0.7630002856254577,0.6858887672424316,0.5974025974025974,0.5951417004048583,0.5836385836385836,0.19112165367671974,1,0.5951417004048583
sub-010,3407,2,0.6878276705741883,0.6833814084529877,0.5194805194805194,0.5192307692307692,0.5191561181434599,0.03847451906851174,1,0.5951417004048583
sub-010,3407,3,0.6573674440383911,0.6818370521068573,0.5454545454545454,0.5455465587044535,0.5454545454545454,0.0910623946037099,1,0.5951417004048583
sub-010,3407,4,0.6622755885124206,0.6863143146038055,0.5584415584415584,0.5593792172739541,0.5565718157181572,0.11851851851851847,1,0.5951417004048583
sub-010,3407,5,0.6254555106163024,0.692052036523819,0.5714285714285714,0.5725371120107963,0.5688104530799254,0.14473241332884557,1,0.5951417004048583
sub-010,3407,6,0.6341000556945801,0.6954623758792877,0.5454545454545454,0.5468960863697706,0.5404944586530265,0.0935082408341742,1,0.5951417004048583
sub-010,3407,7,0.5958936333656311,0.6992006003856659,0.5844155844155844,0.5860323886639676,0.5786593707250343,0.17148621385339602,1,0.5951417004048583
sub-010,3407,8,0.5975450277328491,0.7008408606052399,0.5714285714285714,0.5732118758434548,0.564076170869789,0.14588235294117635,1,0.5951417004048583
sub-010,3407,9,0.5871862769126892,0.7045372724533081,0.5584415584415584,0.560391363022942,0.5492424242424243,0.12029569892473124,1,0.5951417004048583
sub-010,3407,10,0.559393310546875,0.720513641834259,0.5844155844155844,0.5856950067476383,0.5809523809523809,0.1709286675639301,1,0.5951417004048583
sub-010,3407,11,0.547465181350708,0.7277559041976929,0.5714285714285714,0.5728744939271255,0.5667519181585678,0.14530776992936423,1,0.5951417004048583
sub-011,3407,1,0.735159409046173,0.6914322078227997,0.569620253164557,0.5717948717948718,0.5576416337285903,0.14294830887045318,1,0.5717948717948718
sub-011,3407,2,0.725672471523285,0.6892976462841034,0.6075949367088608,0.6092948717948719,0.6012050154697932,0.2178217821782178,2,0.6092948717948719
sub-011,3407,3,0.6817495465278626,0.6867980062961578,0.5949367088607594,0.596474358974359,0.5896103896103896,0.19233226837060702,2,0.6092948717948719
sub-011,3407,4,0.6379485964775086,0.6814408600330353,0.569620253164557,0.5708333333333333,0.5662144702842378,0.14130434782608692,2,0.6092948717948719
sub-011,3407,5,0.6205387830734252,0.6760969161987305,0.5569620253164557,0.5573717948717949,0.5566778900112233,0.1146333653538264,2,0.6092948717948719
sub-011,3407,6,0.62000652551651,0.6699734330177307,0.6329113924050633,0.6333333333333333,0.6326759660092993,0.26641050272174194,6,0.6333333333333333
sub-011,3407,7,0.5870137333869934,0.6717789173126221,0.5949367088607594,0.5951923076923077,0.5948717948717949,0.1902626521460602,6,0.6333333333333333
sub-011,3407,8,0.5805702686309815,0.6612741351127625,0.6075949367088608,0.6086538461538462,0.6053182917002418,0.21682123440997758,6,0.6333333333333333
sub-011,3407,9,0.5649889349937439,0.6570231318473816,0.5949367088607594,0.5961538461538461,0.5917312661498708,0.19181585677749358,6,0.6333333333333333
sub-011,3407,10,0.5601288795471191,0.666764885187149,0.5822784810126582,0.5826923076923077,0.582010582010582,0.16522574447646488,6,0.6333333333333333
sub-011,3407,11,0.5540310025215149,0.6802791357040405,0.5569620253164557,0.5567307692307693,0.5566778900112233,0.1134979159987175,6,0.6333333333333333
sub-011,3407,12,0.522952401638031,0.6745170652866364,0.5822784810126582,0.5817307692307692,0.5812048192771084,0.1636188642925891,6,0.6333333333333333
sub-011,3407,13,0.4987437903881073,0.6653366982936859,0.5822784810126582,0.5817307692307692,0.5812048192771084,0.1636188642925891,6,0.6333333333333333
sub-011,3407,14,0.5020311892032623,0.6625051200389862,0.620253164556962,0.6201923076923077,0.6201923076923077,0.2403846153846153,6,0.6333333333333333
sub-011,3407,15,0.48981059789657594,0.6540208160877228,0.6455696202531646,0.6455128205128206,0.6455128205128206,0.291025641025641,15,0.6455128205128206
sub-011,3407,16,0.4826235890388489,0.6470586955547333,0.6329113924050633,0.6330128205128205,0.6329113924050633,0.26594040371675753,15,0.6455128205128206
sub-011,3407,17,0.47924262285232544,0.6503032743930817,0.620253164556962,0.6208333333333333,0.6197047496790757,0.2413572343149808,15,0.6455128205128206
sub-011,3407,18,0.4564436078071594,0.6604600548744202,0.620253164556962,0.6205128205128205,0.6201923076923077,0.24087123638693142,15,0.6455128205128206
sub-011,3407,19,0.4611737549304962,0.6755596399307251,0.6329113924050633,0.6333333333333333,0.6326759660092993,0.26641050272174194,15,0.6455128205128206
sub-011,3407,20,0.442214834690094,0.6700336039066315,0.6329113924050633,0.6330128205128205,0.6329113924050633,0.26594040371675753,15,0.6455128205128206
sub-011,3407,21,0.43812050819396975,0.6635216772556305,0.6329113924050633,0.6330128205128205,0.6329113924050633,0.26594040371675753,15,0.6455128205128206
sub-011,3407,22,0.4607373893260956,0.6728735268115997,0.6708860759493671,0.6717948717948719,0.6695624195624196,0.34293026231605883,22,0.6717948717948719
sub-011,3407,23,0.43333216905593874,0.6926448047161102,0.6582278481012658,0.658974358974359,0.6573493975903615,0.31744000000000006,22,0.6717948717948719
sub-011,3407,24,0.4291625559329987,0.7023639380931854,0.6329113924050633,0.6333333333333333,0.6326759660092993,0.26641050272174194,22,0.6717948717948719
sub-011,3407,25,0.4095649719238281,0.7124219834804535,0.6329113924050633,0.6333333333333333,0.6326759660092993,0.26641050272174194,22,0.6717948717948719
sub-011,3407,26,0.36888003945350645,0.7391735911369324,0.6455696202531646,0.6461538461538461,0.6450577663671373,0.29193341869398204,22,0.6717948717948719
sub-011,3407,27,0.40941160917282104,0.7499769330024719,0.6329113924050633,0.6336538461538461,0.6319678714859438,0.26688,22,0.6717948717948719
sub-011,3407,28,0.40188602209091184,0.7544440925121307,0.6455696202531646,0.6464743589743589,0.6441441441441441,0.2923864363403711,22,0.6717948717948719
sub-011,3407,29,0.4021580874919891,0.7681910693645477,0.6582278481012658,0.6592948717948718,0.6562449637389203,0.31787655900223855,22,0.6717948717948719
sub-011,3407,30,0.37183464169502256,0.7751292884349823,0.6582278481012658,0.6592948717948718,0.6562449637389203,0.31787655900223855,22,0.6717948717948719
sub-011,3407,31,0.3416640043258667,0.7884525060653687,0.6455696202531646,0.6464743589743589,0.6441441441441441,0.2923864363403711,22,0.6717948717948719
sub-011,3407,32,0.3714054524898529,0.775508314371109,0.6582278481012658,0.658974358974359,0.6573493975903615,0.31744000000000006,22,0.6717948717948719
sub-012,3407,1,0.7711302638053894,0.7022669911384583,0.44,0.4349217638691323,0.3415551839464883,-0.13146551724137923,1,0.4349217638691323
sub-012,3407,2,0.7285006999969482,0.7026321887969971,0.5066666666666667,0.5049786628733997,0.497737556561086,0.009989297181591139,2,0.5049786628733997
sub-012,3407,3,0.6645548939704895,0.6928185820579529,0.52,0.519203413940256,0.5178571428571429,0.038461538461538436,3,0.519203413940256
sub-012,3407,4,0.6885058283805847,0.6867739856243134,0.5466666666666666,0.5465860597439545,0.5465860597439545,0.09317211948790893,4,0.5465860597439545
sub-012,3407,5,0.6733658790588379,0.6974402666091919,0.52,0.5209815078236131,0.5178571428571429,0.04187366926898506,4,0.5465860597439545
sub-012,3407,6,0.650996732711792,0.7198880016803741,0.52,0.5213371266002844,0.5157819225251077,0.042553191489361764,4,0.5465860597439545
sub-012,3407,7,0.6471308469772339,0.7218568921089172,0.52,0.521692745376956,0.512987012987013,0.04323175053153783,4,0.5465860597439545
sub-012,3407,8,0.6301177501678467,0.7110248804092407,0.5333333333333333,0.5352062588904694,0.5248868778280543,0.07013815090329434,4,0.5465860597439545
sub-012,3407,9,0.6385819554328919,0.7068234086036682,0.5733333333333334,0.5750355618776671,0.5670995670995671,0.14953933380581141,9,0.5750355618776671
sub-012,3407,10,0.6275740623474121,0.6981292068958282,0.5733333333333334,0.5753911806543386,0.563953488372093,0.15014164305949018,10,0.5753911806543386
sub-012,3407,11,0.6164609074592591,0.6951365768909454,0.5733333333333334,0.5750355618776671,0.5670995670995671,0.14953933380581141,10,0.5753911806543386
sub-012,3407,12,0.6015720248222352,0.7008638679981232,0.5733333333333334,0.5750355618776671,0.5670995670995671,0.14953933380581141,10,0.5753911806543386
sub-012,3407,13,0.598485267162323,0.739298403263092,0.5466666666666666,0.548719772403983,0.5367005813953488,0.09702549575070829,10,0.5753911806543386
sub-012,3407,14,0.5985717058181763,0.7208158373832703,0.56,0.561877667140825,0.5520361990950227,0.12327311370882044,10,0.5753911806543386
sub-012,3407,15,0.5829206347465515,0.6994245946407318,0.5866666666666667,0.5885490753911806,0.5791855203619909,0.17640807651434642,15,0.5885490753911806
sub-012,3407,16,0.5914492845535279,0.6909993290901184,0.5733333333333334,0.5750355618776671,0.5670995670995671,0.14953933380581141,15,0.5885490753911806
sub-012,3407,17,0.5808783888816833,0.6735803782939911,0.5733333333333334,0.5739687055476529,0.5726495726495726,0.1477272727272727,15,0.5885490753911806
sub-012,3407,18,0.5863718628883362,0.6874412000179291,0.5866666666666667,0.5881934566145093,0.5819097284661032,0.17582417582417587,15,0.5885490753911806
sub-012,3407,19,0.569181752204895,0.7132903337478638,0.5733333333333334,0.5746799431009957,0.569583931133429,0.14893617021276595,15,0.5885490753911806
sub-012,3407,20,0.5597385287284851,0.7346120178699493,0.56,0.5615220483641536,0.5549361625606906,0.12265154200638084,15,0.5885490753911806
sub-012,3407,21,0.576237428188324,0.7501858472824097,0.56,0.561877667140825,0.5520361990950227,0.12327311370882044,15,0.5885490753911806
sub-012,3407,22,0.5495974779129028,0.7246550917625427,0.5733333333333334,0.5750355618776671,0.5670995670995671,0.14953933380581141,15,0.5885490753911806
sub-012,3407,23,0.5664393901824951,0.7067446708679199,0.5866666666666667,0.5881934566145093,0.5819097284661032,0.17582417582417587,15,0.5885490753911806
sub-012,3407,24,0.5493863940238952,0.7149228453636169,0.5866666666666667,0.5881934566145093,0.5819097284661032,0.17582417582417587,15,0.5885490753911806
sub-012,3407,25,0.536791718006134,0.7577756643295288,0.5733333333333334,0.5750355618776671,0.5670995670995671,0.14953933380581141,15,0.5885490753911806
sub-013,3407,1,0.6952488422393799,0.6857028305530548,0.5384615384615384,0.5388157894736842,0.5384615384615384,0.07752956636005259,1,0.5388157894736842
sub-013,3407,2,0.632804000377655,0.6590229868888855,0.5897435897435898,0.5914473684210526,0.5886618325642716,0.18217562254259512,2,0.5914473684210526
sub-013,3407,3,0.5918365716934204,0.6319579184055328,0.6025641025641025,0.6032894736842105,0.6024987670557291,0.20617202889034802,3,0.6032894736842105
sub-013,3407,4,0.572717297077179,0.6226655840873718,0.6025641025641025,0.6032894736842105,0.6024987670557291,0.20617202889034802,3,0.6032894736842105
sub-013,3407,5,0.5466034054756165,0.6190172731876373,0.6282051282051282,0.6289473684210527,0.6281440078908433,0.2573867367038739,5,0.6289473684210527
sub-013,3407,6,0.5152134537696839,0.6292294263839722,0.6282051282051282,0.6289473684210527,0.6281440078908433,0.2573867367038739,5,0.6289473684210527
sub-013,3407,7,0.49266242384910586,0.6397632956504822,0.6282051282051282,0.6282894736842105,0.6281440078908433,0.2564102564102564,5,0.6289473684210527
sub-013,3407,8,0.4780112624168396,0.6453660130500793,0.6282051282051282,0.6276315789473684,0.6276543209876543,0.2554312047399605,5,0.6289473684210527
sub-013,3407,9,0.4619495630264282,0.6534410417079926,0.6538461538461539,0.6532894736842105,0.6533333333333333,0.3067807768268598,9,0.6532894736842105
sub-013,3407,10,0.4324870765209198,0.6550726294517517,0.6538461538461539,0.6532894736842105,0.6533333333333333,0.3067807768268598,9,0.6532894736842105
sub-013,3407,11,0.41450714468955996,0.6560281217098236,0.6666666666666666,0.6657894736842105,0.6657877389584708,0.3320158102766798,11,0.6657894736842105
sub-013,3407,12,0.4244263172149658,0.656874418258667,0.6666666666666666,0.6651315789473684,0.6646825396825397,0.3311345646437994,11,0.6657894736842105
sub-013,3407,13,0.387129145860672,0.6594074368476868,0.6923076923076923,0.6914473684210527,0.6914963744232037,0.3833992094861659,13,0.6914473684210527
sub-013,3407,14,0.3896343231201172,0.6729674339294434,0.6923076923076923,0.6914473684210527,0.6914963744232037,0.3833992094861659,13,0.6914473684210527
sub-013,3407,15,0.36596197485923765,0.6836518943309784,0.7051282051282052,0.7046052631578947,0.7046913580246914,0.40947992100065833,15,0.7046052631578947
sub-013,3407,16,0.3552058398723602,0.6976733207702637,0.6794871794871795,0.6782894736842104,0.678164713649117,0.3572841133816743,15,0.7046052631578947
sub-013,3407,17,0.35617766380310056,0.6962011754512787,0.6923076923076923,0.6914473684210527,0.6914963744232037,0.3833992094861659,15,0.7046052631578947
sub-013,3407,18,0.34520427584648133,0.6976226568222046,0.6923076923076923,0.6914473684210527,0.6914963744232037,0.3833992094861659,15,0.7046052631578947
sub-013,3407,19,0.3225461900234222,0.6940126121044159,0.7435897435897436,0.743421052631579,0.743421052631579,0.48684210526315785,19,0.743421052631579
sub-013,3407,20,0.30660517811775206,0.7064158022403717,0.7564102564102564,0.756578947368421,0.7563702120664146,0.5128205128205128,20,0.756578947368421
sub-013,3407,21,0.2939357876777649,0.7162110209465027,0.7435897435897436,0.7440789473684211,0.7435897435897436,0.48751642575558485,20,0.756578947368421
sub-013,3407,22,0.28697685301303866,0.7249707877635956,0.7564102564102564,0.7572368421052631,0.7563702120664146,0.5134602757715037,22,0.7572368421052631
sub-013,3407,23,0.30954318642616274,0.7379225194454193,0.782051282051282,0.7828947368421053,0.7820154529015289,0.5646749835850295,23,0.7828947368421053
sub-013,3407,24,0.28152523636817933,0.7481190860271454,0.8076923076923077,0.8085526315789473,0.8076606937366431,0.6158896913985554,24,0.8085526315789473
sub-013,3407,25,0.2726031094789505,0.7504038214683533,0.8076923076923077,0.8085526315789473,0.8076606937366431,0.6158896913985554,24,0.8085526315789473
sub-013,3407,26,0.2801179111003876,0.7665953934192657,0.7948717948717948,0.7960526315789473,0.7947368421052632,0.5905511811023623,24,0.8085526315789473
sub-013,3407,27,0.2605981230735779,0.7721625864505768,0.782051282051282,0.7835526315789474,0.7817283950617284,0.5652459016393443,24,0.8085526315789473
sub-013,3407,28,0.24307630062103272,0.7846887707710266,0.782051282051282,0.7835526315789474,0.7817283950617284,0.5652459016393443,24,0.8085526315789473
sub-013,3407,29,0.2492983341217041,0.7831238508224487,0.782051282051282,0.7835526315789474,0.7817283950617284,0.5652459016393443,24,0.8085526315789473
sub-013,3407,30,0.24815929234027861,0.776617020368576,0.782051282051282,0.7835526315789474,0.7817283950617284,0.5652459016393443,24,0.8085526315789473
sub-013,3407,31,0.23806129395961761,0.7814513742923737,0.7948717948717948,0.7960526315789473,0.7947368421052632,0.5905511811023623,24,0.8085526315789473
sub-013,3407,32,0.2370009183883667,0.7745227515697479,0.8076923076923077,0.8085526315789473,0.8076606937366431,0.6158896913985554,24,0.8085526315789473
sub-013,3407,33,0.22228230237960817,0.7715117037296295,0.8076923076923077,0.8085526315789473,0.8076606937366431,0.6158896913985554,24,0.8085526315789473
sub-013,3407,34,0.21427512168884277,0.7647190392017365,0.8076923076923077,0.8085526315789473,0.8076606937366431,0.6158896913985554,24,0.8085526315789473
sub-014,3407,1,0.723169493675232,0.6837843060493469,0.5657894736842105,0.5595980595980596,0.5368421052631579,0.12061711079943904,1,0.5595980595980596
sub-014,3407,2,0.6891118168830872,0.6794403195381165,0.618421052631579,0.617117117117117,0.6167623022083115,0.23472222222222217,2,0.617117117117117
sub-014,3407,3,0.6680988788604736,0.6775794327259064,0.6578947368421053,0.659043659043659,0.6576576576576576,0.31720801658604014,3,0.659043659043659
sub-014,3407,4,0.6588832139968872,0.6762458086013794,0.6052631578947368,0.6070686070686071,0.6041666666666667,0.21325051759834357,3,0.659043659043659
sub-014,3407,5,0.6322553038597107,0.6762123703956604,0.5789473684210527,0.5807345807345807,0.5777777777777777,0.16080055210489985,3,0.659043659043659
sub-014,3407,6,0.6452579855918884,0.6731687486171722,0.6052631578947368,0.6077616077616077,0.602787456445993,0.21433494141971055,3,0.659043659043659
sub-014,3407,7,0.6352751851081848,0.6759606003761292,0.631578947368421,0.6334026334026335,0.6305555555555555,0.2657004830917874,3,0.659043659043659
sub-014,3407,8,0.6079377174377442,0.6783008277416229,0.6447368421052632,0.6455301455301455,0.6446753246753247,0.2904564315352698,3,0.659043659043659
sub-014,3407,9,0.6148615837097168,0.6817264556884766,0.6052631578947368,0.6056826056826057,0.6052631578947368,0.2110726643598616,3,0.659043659043659
sub-014,3407,10,0.5913150668144226,0.6880108714103699,0.6052631578947368,0.6056826056826057,0.6052631578947368,0.2110726643598616,3,0.659043659043659
sub-014,3407,11,0.5967769026756287,0.6940644085407257,0.5789473684210527,0.5807345807345807,0.5777777777777777,0.16080055210489985,3,0.659043659043659
sub-014,3407,12,0.5711889386177063,0.6993569731712341,0.5921052631578947,0.5935550935550935,0.5914687012311427,0.18646408839779016,3,0.659043659043659
sub-014,3407,13,0.5679792046546936,0.7052434086799622,0.631578947368421,0.6327096327096327,0.6313236313236313,0.26468555632342783,3,0.659043659043659
sub-015,3407,1,0.7413588047027588,0.705223560333252,0.49333333333333335,0.48183760683760685,0.4407378335949764,-0.037117903930131035,1,0.48183760683760685
sub-015,3407,2,0.6975104928016662,0.6979239881038666,0.5066666666666667,0.49893162393162394,0.4831439746693984,-0.0021668472372697867,2,0.49893162393162394
sub-015,3407,3,0.6512281894683838,0.7007014751434326,0.56,0.5576923076923077,0.5571658615136876,0.11575562700964626,3,0.5576923076923077
sub-015,3407,4,0.6075159549713135,0.7155990600585938,0.6133333333333333,0.6111111111111112,0.6108427267847558,0.22293676312968913,4,0.6111111111111112
sub-015,3407,5,0.5805872440338135,0.7253686189651489,0.64,0.6388888888888888,0.6389730789802104,0.27807486631016043,5,0.6388888888888888
sub-015,3407,6,0.5789867639541626,0.7393218278884888,0.64,0.6399572649572649,0.6397438178260095,0.279615795090715,6,0.6399572649572649
sub-015,3407,7,0.5553206622600555,0.7504314482212067,0.64,0.6399572649572649,0.6397438178260095,0.279615795090715,6,0.6399572649572649
sub-015,3407,8,0.5451138615608215,0.7394885718822479,0.64,0.6399572649572649,0.6397438178260095,0.279615795090715,6,0.6399572649572649
sub-015,3407,9,0.5181847155094147,0.7342130839824677,0.6533333333333333,0.6538461538461539,0.653271692745377,0.3070362473347549,9,0.6538461538461539
sub-015,3407,10,0.5552527785301209,0.7450715005397797,0.6666666666666666,0.6666666666666666,0.6664294609500089,0.3329775880469583,10,0.6666666666666666
sub-015,3407,11,0.5153540432453155,0.7409327030181885,0.64,0.6399572649572649,0.6397438178260095,0.279615795090715,10,0.6666666666666666
sub-015,3407,12,0.5275480091571808,0.7377081513404846,0.6266666666666667,0.6271367521367521,0.6266002844950214,0.25373134328358216,10,0.6666666666666666
sub-015,3407,13,0.49395749568939207,0.7086506485939026,0.6666666666666666,0.6655982905982906,0.6657158138705652,0.3315508021390374,10,0.6666666666666666
sub-015,3407,14,0.46790315508842467,0.6888507008552551,0.6933333333333334,0.6923076923076923,0.69245854876092,0.3850267379679144,14,0.6923076923076923
sub-015,3407,15,0.4679519832134247,0.6946985721588135,0.68,0.6794871794871795,0.6794871794871795,0.3589743589743589,14,0.6923076923076923
sub-015,3407,16,0.4706005036830902,0.7040287256240845,0.68,0.6794871794871795,0.6794871794871795,0.3589743589743589,14,0.6923076923076923
sub-015,3407,17,0.4492034614086151,0.7125072181224823,0.6933333333333334,0.6912393162393162,0.691358024691358,0.3837084673097535,14,0.6923076923076923
sub-015,3407,18,0.46706272959709166,0.7186057865619659,0.7066666666666667,0.704059829059829,0.7040889526542324,0.4098712446351932,18,0.704059829059829
sub-015,3407,19,0.43328419923782346,0.7095072865486145,0.68,0.6773504273504274,0.6771879483500718,0.3562231759656652,18,0.704059829059829
sub-015,3407,20,0.4481130659580231,0.7058828473091125,0.68,0.6784188034188035,0.6785714285714286,0.35760171306209854,18,0.704059829059829
sub-015,3407,21,0.41978229880332946,0.6988908350467682,0.68,0.6805555555555556,0.6799431009957326,0.3603411513859276,18,0.704059829059829
sub-015,3407,22,0.4002512753009796,0.7014626860618591,0.6666666666666666,0.6677350427350428,0.6666666666666666,0.334398296059638,18,0.704059829059829
sub-015,3407,23,0.40706361532211305,0.6988853812217712,0.64,0.6399572649572649,0.6397438178260095,0.279615795090715,18,0.704059829059829
sub-015,3407,24,0.40109931230545043,0.6901427507400513,0.6533333333333333,0.6527777777777777,0.6527777777777777,0.30555555555555547,18,0.704059829059829
sub-015,3407,25,0.37046093344688413,0.686197429895401,0.6666666666666666,0.6655982905982906,0.6657158138705652,0.3315508021390374,18,0.704059829059829
sub-015,3407,26,0.3516386568546295,0.7166078388690948,0.68,0.6805555555555556,0.6799431009957326,0.3603411513859276,18,0.704059829059829
sub-015,3407,27,0.3607299566268921,0.7217974364757538,0.68,0.6805555555555556,0.6799431009957326,0.3603411513859276,18,0.704059829059829
sub-015,3407,28,0.3614273726940155,0.7147426903247833,0.68,0.6794871794871795,0.6794871794871795,0.3589743589743589,18,0.704059829059829
sub-016,3407,1,0.7398508191108704,0.6891058087348938,0.620253164556962,0.6169871794871795,0.5913793103448276,0.23548387096774204,1,0.6169871794871795
sub-016,3407,2,0.6925525188446044,0.6858430504798889,0.620253164556962,0.6173076923076923,0.596938775510204,0.23597678916827858,2,0.6173076923076923
sub-016,3407,3,0.691292941570282,0.6852176487445831,0.6455696202531646,0.6435897435897436,0.6357048748353096,0.28828828828828823,3,0.6435897435897436
sub-016,3407,4,0.6675890564918519,0.690514326095581,0.6075949367088608,0.6060897435897435,0.6012050154697932,0.21279331404693025,3,0.6435897435897436
sub-016,3407,5,0.6571761012077332,0.6927964091300964,0.5822784810126582,0.5810897435897436,0.5779504613890238,0.16254416961130747,3,0.6435897435897436
sub-016,3407,6,0.6182790517807006,0.6876578629016876,0.5822784810126582,0.5817307692307692,0.5812048192771084,0.1636188642925891,3,0.6435897435897436
sub-016,3407,7,0.630287504196167,0.668417900800705,0.6075949367088608,0.6076923076923078,0.6075949367088608,0.21531560397308558,3,0.6435897435897436
sub-016,3407,8,0.6268683552742005,0.6524647176265717,0.6329113924050633,0.6330128205128205,0.6329113924050633,0.26594040371675753,3,0.6435897435897436
sub-016,3407,9,0.600143837928772,0.6426275968551636,0.6455696202531646,0.6458333333333333,0.6455128205128206,0.29147982062780275,9,0.6458333333333333
sub-016,3407,10,0.6197082757949829,0.6351538598537445,0.6455696202531646,0.6455128205128206,0.6455128205128206,0.291025641025641,9,0.6458333333333333
sub-016,3407,11,0.5864140272140503,0.6300308406352997,0.6329113924050633,0.6333333333333333,0.6326759660092993,0.26641050272174194,9,0.6458333333333333
sub-016,3407,12,0.5990896344184875,0.6286280751228333,0.6329113924050633,0.6333333333333333,0.6326759660092993,0.26641050272174194,9,0.6458333333333333
sub-016,3407,13,0.5629693150520325,0.6231371462345123,0.6582278481012658,0.6586538461538461,0.6580086580086579,0.3170028818443804,13,0.6586538461538461
sub-016,3407,14,0.5667748212814331,0.6229088306427002,0.6835443037974683,0.683974358974359,0.6833413500080167,0.3675952609670189,14,0.683974358974359
sub-016,3407,15,0.5621801495552063,0.6275023818016052,0.6835443037974683,0.683974358974359,0.6833413500080167,0.3675952609670189,14,0.683974358974359
sub-016,3407,16,0.5425618171691895,0.6330963969230652,0.7088607594936709,0.7089743589743589,0.7088607594936709,0.4178148029477732,16,0.7089743589743589
sub-016,3407,17,0.541014039516449,0.6450671851634979,0.7088607594936709,0.7086538461538461,0.7086740420073754,0.41744148765630007,16,0.7089743589743589
sub-016,3407,18,0.5043384790420532,0.6524229943752289,0.7088607594936709,0.7086538461538461,0.7086740420073754,0.41744148765630007,16,0.7089743589743589
sub-016,3407,19,0.5036332607269287,0.6493665874004364,0.7215189873417721,0.721474358974359,0.721474358974359,0.44294871794871793,19,0.721474358974359
sub-016,3407,20,0.49155784249305723,0.6385850310325623,0.7341772151898734,0.733974358974359,0.734006734006734,0.4680987495992305,20,0.733974358974359
sub-016,3407,21,0.4756214141845703,0.6224448680877686,0.6708860759493671,0.6708333333333334,0.6708333333333334,0.3416666666666667,20,0.733974358974359
sub-016,3407,22,0.4540771722793579,0.6232193112373352,0.6708860759493671,0.6708333333333334,0.6708333333333334,0.3416666666666667,20,0.733974358974359
sub-016,3407,23,0.4631922602653503,0.6277516484260559,0.6708860759493671,0.6711538461538462,0.6708333333333334,0.342088404868674,20,0.733974358974359
sub-016,3407,24,0.4602015018463135,0.6343088448047638,0.6708860759493671,0.6711538461538462,0.6708333333333334,0.342088404868674,20,0.733974358974359
sub-016,3407,25,0.43828492164611815,0.641541451215744,0.6708860759493671,0.6711538461538462,0.6708333333333334,0.342088404868674,20,0.733974358974359
sub-016,3407,26,0.44082369804382326,0.6452494561672211,0.6708860759493671,0.6711538461538462,0.6708333333333334,0.342088404868674,20,0.733974358974359
sub-016,3407,27,0.4393249273300171,0.6471889615058899,0.6708860759493671,0.6711538461538462,0.6708333333333334,0.342088404868674,20,0.733974358974359
sub-016,3407,28,0.4256183564662933,0.645598977804184,0.6455696202531646,0.6461538461538461,0.6450577663671373,0.29193341869398204,20,0.733974358974359
sub-016,3407,29,0.4425131380558014,0.6464638710021973,0.6708860759493671,0.671474358974359,0.6704107830551991,0.3425096030729833,20,0.733974358974359
sub-016,3407,30,0.4003069043159485,0.6566086411476135,0.6708860759493671,0.671474358974359,0.6704107830551991,0.3425096030729833,20,0.733974358974359
sub-017,3407,1,0.7268447399139404,0.6910898387432098,0.5125,0.5125,0.4992778045257583,0.025000000000000022,1,0.5125
sub-017,3407,2,0.6918473839759827,0.6949388384819031,0.4875,0.48750000000000004,0.48549019607843136,-0.02499999999999991,1,0.5125
sub-017,3407,3,0.6801469445228576,0.7032961845397949,0.5,0.5,0.497171590194846,0.0,1,0.5125
sub-017,3407,4,0.6568581938743592,0.7127450406551361,0.4875,0.48750000000000004,0.48549019607843136,-0.02499999999999991,1,0.5125
sub-017,3407,5,0.6314465999603271,0.7237072288990021,0.5,0.5,0.4987468671679198,0.0,1,0.5125
sub-017,3407,6,0.6315719604492187,0.7340579330921173,0.4625,0.4625,0.46039215686274515,-0.07499999999999996,1,0.5125
sub-017,3407,7,0.6231207013130188,0.7450691163539886,0.475,0.47500000000000003,0.47203016970458833,-0.050000000000000044,1,0.5125
sub-017,3407,8,0.6075190901756287,0.7537096738815308,0.4625,0.4625,0.4617430762009075,-0.07499999999999996,1,0.5125
sub-017,3407,9,0.6185715317726135,0.7600001692771912,0.425,0.425,0.4235588972431078,-0.1499999999999999,1,0.5125
sub-017,3407,10,0.6033258080482483,0.76901975274086,0.4625,0.4625,0.46039215686274515,-0.07499999999999996,1,0.5125
sub-017,3407,11,0.6030706167221069,0.7774407267570496,0.4375,0.4375,0.43316013226263583,-0.125,1,0.5125
sub-018,3407,1,0.6874346017837525,0.6756445467472076,0.5063291139240507,0.5067307692307692,0.506012506012506,0.013448607108549449,1,0.5067307692307692
sub-018,3407,2,0.6723327755928039,0.6606805920600891,0.5443037974683544,0.5442307692307693,0.5442307692307693,0.08846153846153837,2,0.5442307692307693
sub-018,3407,3,0.6538896918296814,0.6480746567249298,0.5316455696202531,0.5310897435897436,0.5304417670682731,0.062239332691690796,2,0.5442307692307693
sub-018,3407,4,0.6155415058135987,0.6359391808509827,0.5316455696202531,0.530448717948718,0.5267929415573903,0.06103437198843564,2,0.5442307692307693
sub-018,3407,5,0.6070425152778626,0.6278413236141205,0.5443037974683544,0.542948717948718,0.5383116883116883,0.08611825192802047,2,0.5442307692307693
sub-018,3407,6,0.6213159084320068,0.628707230091095,0.5443037974683544,0.5432692307692308,0.5406976744186047,0.08670520231213874,2,0.5442307692307693
sub-018,3407,7,0.5899458050727844,0.6365203261375427,0.5569620253164557,0.5564102564102564,0.5558232931726907,0.11292909849213995,7,0.5564102564102564
sub-018,3407,8,0.6075449466705323,0.6359536647796631,0.5569620253164557,0.5560897435897436,0.5543916196615633,0.1123595505617977,7,0.5564102564102564
sub-018,3407,9,0.5743928670883178,0.639355331659317,0.5443037974683544,0.5432692307692308,0.5406976744186047,0.08670520231213874,7,0.5564102564102564
sub-018,3407,10,0.5763576030731201,0.6399856507778168,0.5189873417721519,0.5179487179487179,0.5151808785529716,0.03596660244059091,7,0.5564102564102564
sub-018,3407,11,0.575841224193573,0.6421114206314087,0.5316455696202531,0.5307692307692308,0.528928283642224,0.06163723916532904,7,0.5564102564102564
sub-018,3407,12,0.5670451998710633,0.6361657381057739,0.5569620253164557,0.5564102564102564,0.5558232931726907,0.11292909849213995,7,0.5564102564102564
sub-018,3407,13,0.5360292911529541,0.6343048810958862,0.5569620253164557,0.5567307692307693,0.5566778900112233,0.1134979159987175,13,0.5567307692307693
sub-018,3407,14,0.5414985954761505,0.6397293508052826,0.5316455696202531,0.5310897435897436,0.5304417670682731,0.062239332691690796,13,0.5567307692307693
sub-018,3407,15,0.5361822247505188,0.6358048021793365,0.5316455696202531,0.5310897435897436,0.5304417670682731,0.062239332691690796,13,0.5567307692307693
sub-018,3407,16,0.5532227635383606,0.6347162127494812,0.5443037974683544,0.5439102564102564,0.5436456996148908,0.08787684413085317,13,0.5567307692307693
sub-018,3407,17,0.5205635309219361,0.6271750330924988,0.5316455696202531,0.5310897435897436,0.5304417670682731,0.062239332691690796,13,0.5567307692307693
sub-018,3407,18,0.5119851946830749,0.6242351830005646,0.5316455696202531,0.5307692307692308,0.528928283642224,0.06163723916532904,13,0.5567307692307693
sub-018,3407,19,0.49777163863182067,0.6409472823143005,0.5316455696202531,0.5307692307692308,0.528928283642224,0.06163723916532904,13,0.5567307692307693
sub-018,3407,20,0.4934704899787903,0.6666487455368042,0.5316455696202531,0.530448717948718,0.5267929415573903,0.06103437198843564,13,0.5567307692307693
sub-018,3407,21,0.5109154939651489,0.6764884293079376,0.5189873417721519,0.5179487179487179,0.5151808785529716,0.03596660244059091,13,0.5567307692307693
sub-018,3407,22,0.4878135442733765,0.6720207333564758,0.5316455696202531,0.5307692307692308,0.528928283642224,0.06163723916532904,13,0.5567307692307693
sub-018,3407,23,0.4954559445381165,0.6619328558444977,0.5316455696202531,0.530448717948718,0.5267929415573903,0.06103437198843564,13,0.5567307692307693
sub-019,3407,1,0.7238629817962646,0.6869610249996185,0.40789473684210525,0.40789473684210525,0.37670858392564244,-0.18421052631578938,1,0.40789473684210525
sub-019,3407,2,0.6733338952064514,0.6790018379688263,0.5,0.5,0.4968641114982578,0.0,2,0.5
sub-019,3407,3,0.6453275561332703,0.6641486883163452,0.5526315789473685,0.5526315789473685,0.5526315789473685,0.10526315789473684,3,0.5526315789473685
sub-019,3407,4,0.6364799499511719,0.6458967626094818,0.5526315789473685,0.5526315789473684,0.5513888888888889,0.10526315789473684,3,0.5526315789473685
sub-019,3407,5,0.5866549372673034,0.6345675885677338,0.5394736842105263,0.5394736842105263,0.537471744044514,0.07894736842105265,3,0.5526315789473685
sub-019,3407,6,0.5926805138587952,0.6309091150760651,0.5526315789473685,0.5526315789473684,0.5513888888888889,0.10526315789473684,3,0.5526315789473685
sub-019,3407,7,0.5811804533004761,0.6220039427280426,0.5657894736842105,0.5657894736842105,0.5651118432460551,0.13157894736842102,7,0.5657894736842105
sub-019,3407,8,0.5718961238861084,0.6111382246017456,0.5789473684210527,0.5789473684210527,0.5786555786555787,0.1578947368421053,8,0.5789473684210527
sub-019,3407,9,0.551045274734497,0.6074488759040833,0.5921052631578947,0.5921052631578947,0.592034632034632,0.1842105263157895,9,0.5921052631578947
sub-019,3407,10,0.5564553141593933,0.6073278188705444,0.618421052631579,0.618421052631579,0.6183549783549783,0.23684210526315785,10,0.618421052631579
sub-019,3407,11,0.5070405900478363,0.6047552525997162,0.6052631578947368,0.6052631578947368,0.6052631578947368,0.21052631578947367,10,0.618421052631579
sub-019,3407,12,0.5000927686691284,0.598813071846962,0.631578947368421,0.631578947368421,0.6313236313236313,0.26315789473684215,12,0.631578947368421
sub-019,3407,13,0.48530531525611875,0.5901342928409576,0.6578947368421053,0.6578947368421053,0.6578947368421053,0.3157894736842105,13,0.6578947368421053
sub-019,3407,14,0.49808582067489626,0.5861415416002274,0.6447368421052632,0.6447368421052632,0.6446753246753247,0.2894736842105263,13,0.6578947368421053
sub-019,3407,15,0.4844191551208496,0.5881242901086807,0.6578947368421053,0.6578947368421053,0.6576576576576576,0.3157894736842105,13,0.6578947368421053
sub-019,3407,16,0.46544947028160094,0.5986278057098389,0.631578947368421,0.631578947368421,0.6313236313236313,0.26315789473684215,13,0.6578947368421053
sub-019,3407,17,0.46731635332107546,0.6170671880245209,0.631578947368421,0.631578947368421,0.6313236313236313,0.26315789473684215,13,0.6578947368421053
sub-019,3407,18,0.44236385226249697,0.6171733736991882,0.631578947368421,0.631578947368421,0.6313236313236313,0.26315789473684215,13,0.6578947368421053
sub-019,3407,19,0.45032486915588377,0.6336876153945923,0.618421052631579,0.618421052631579,0.6178255592162303,0.23684210526315785,13,0.6578947368421053
sub-019,3407,20,0.4254141092300415,0.6394233703613281,0.618421052631579,0.618421052631579,0.6178255592162303,0.23684210526315785,13,0.6578947368421053
sub-019,3407,21,0.41637725830078126,0.6393749713897705,0.631578947368421,0.631578947368421,0.6313236313236313,0.26315789473684215,13,0.6578947368421053
sub-019,3407,22,0.40090633034706114,0.6393317580223083,0.631578947368421,0.631578947368421,0.6313236313236313,0.26315789473684215,13,0.6578947368421053
sub-019,3407,23,0.4047075390815735,0.6464406847953796,0.631578947368421,0.631578947368421,0.6313236313236313,0.26315789473684215,13,0.6578947368421053
sub-020,3407,1,0.6160315752029419,0.6217853724956512,0.7692307692307693,0.7692307692307692,0.7690789473684211,0.5384615384615384,1,0.7692307692307692
sub-020,3407,2,0.4849300742149353,0.5293866842985153,0.8333333333333334,0.8333333333333334,0.8326456510975409,0.6666666666666667,2,0.8333333333333334
sub-020,3407,3,0.4490153670310974,0.48049573600292206,0.8333333333333334,0.8333333333333334,0.8326456510975409,0.6666666666666667,2,0.8333333333333334
sub-020,3407,4,0.4448509216308594,0.45142990350723267,0.8333333333333334,0.8333333333333334,0.8326456510975409,0.6666666666666667,2,0.8333333333333334
sub-020,3407,5,0.43022119998931885,0.4441131353378296,0.8076923076923077,0.8076923076923077,0.8068988281894702,0.6153846153846154,2,0.8333333333333334
sub-020,3407,6,0.3805225908756256,0.4483306556940079,0.782051282051282,0.782051282051282,0.7817283950617284,0.5641025641025641,2,0.8333333333333334
sub-020,3407,7,0.38988885283470154,0.4588915556669235,0.7692307692307693,0.7692307692307692,0.7690789473684211,0.5384615384615384,2,0.8333333333333334
sub-020,3407,8,0.38830090761184693,0.458834707736969,0.8076923076923077,0.8076923076923077,0.8068988281894702,0.6153846153846154,2,0.8333333333333334
sub-020,3407,9,0.38715704083442687,0.45148687064647675,0.8205128205128205,0.8205128205128205,0.8194444444444444,0.641025641025641,2,0.8333333333333334
sub-020,3407,10,0.3681732416152954,0.4439931809902191,0.7948717948717948,0.7948717948717949,0.7943309162821358,0.5897435897435898,2,0.8333333333333334
sub-020,3407,11,0.361363422870636,0.45090073347091675,0.7692307692307693,0.7692307692307692,0.7690789473684211,0.5384615384615384,2,0.8333333333333334
sub-020,3407,12,0.3671425461769104,0.4649972468614578,0.782051282051282,0.782051282051282,0.7817283950617284,0.5641025641025641,2,0.8333333333333334
sub-021,3407,1,0.6717196822166442,0.6916608512401581,0.6923076923076923,0.6901315789473684,0.6890365448504983,0.38177014531043585,1,0.6901315789473684
sub-021,3407,2,0.5833932995796204,0.6810515820980072,0.6666666666666666,0.6657894736842105,0.6657877389584708,0.3320158102766798,1,0.6901315789473684
sub-021,3407,3,0.5147445797920227,0.681259036064148,0.7051282051282052,0.7052631578947368,0.7050797303961861,0.41025641025641024,3,0.7052631578947368
sub-021,3407,4,0.4820360243320465,0.6922080516815186,0.7435897435897436,0.743421052631579,0.743421052631579,0.48684210526315785,4,0.743421052631579
sub-021,3407,5,0.45274513959884644,0.6934309899806976,0.7692307692307693,0.7703947368421052,0.7690789473684211,0.5393700787401575,5,0.7703947368421052
sub-021,3407,6,0.4125200569629669,0.6818977296352386,0.782051282051282,0.7822368421052632,0.7820154529015289,0.5641025641025641,6,0.7822368421052632
sub-021,3407,7,0.38124125003814696,0.6949824243783951,0.782051282051282,0.7822368421052632,0.7820154529015289,0.5641025641025641,6,0.7822368421052632
sub-021,3407,8,0.3747638940811157,0.6726672351360321,0.7948717948717948,0.7947368421052632,0.7947368421052632,0.5894736842105263,8,0.7947368421052632
sub-021,3407,9,0.3473718285560608,0.669162705540657,0.782051282051282,0.7822368421052632,0.7820154529015289,0.5641025641025641,8,0.7947368421052632
sub-021,3407,10,0.3327209115028381,0.6733115911483765,0.7692307692307693,0.7697368421052632,0.7692307692307693,0.5387647831800263,8,0.7947368421052632
sub-021,3407,11,0.3258484661579132,0.6711381077766418,0.782051282051282,0.7822368421052632,0.7820154529015289,0.5641025641025641,8,0.7947368421052632
sub-021,3407,12,0.31695314049720763,0.6826151609420776,0.782051282051282,0.7822368421052632,0.7820154529015289,0.5641025641025641,8,0.7947368421052632
sub-021,3407,13,0.296375235915184,0.6936694085597992,0.782051282051282,0.7822368421052632,0.7820154529015289,0.5641025641025641,8,0.7947368421052632
sub-021,3407,14,0.2669168531894684,0.6858777552843094,0.782051282051282,0.7822368421052632,0.7820154529015289,0.5641025641025641,8,0.7947368421052632
sub-021,3407,15,0.291750767827034,0.7329151928424835,0.7692307692307693,0.7690789473684211,0.7690789473684211,0.5381578947368421,8,0.7947368421052632
sub-021,3407,16,0.27128865420818327,0.7428746521472931,0.782051282051282,0.7822368421052632,0.7820154529015289,0.5641025641025641,8,0.7947368421052632
sub-021,3407,17,0.25710474252700805,0.7554116696119308,0.7948717948717948,0.7953947368421053,0.7948717948717948,0.5900131406044679,17,0.7953947368421053
sub-021,3407,18,0.25518661439418794,0.7243791222572327,0.7692307692307693,0.7697368421052632,0.7692307692307693,0.5387647831800263,17,0.7953947368421053
sub-021,3407,19,0.25327272415161134,0.7148754745721817,0.7692307692307693,0.7697368421052632,0.7692307692307693,0.5387647831800263,17,0.7953947368421053
sub-021,3407,20,0.26459448635578153,0.6994656473398209,0.7692307692307693,0.7697368421052632,0.7692307692307693,0.5387647831800263,17,0.7953947368421053
sub-021,3407,21,0.24701499938964844,0.7357919067144394,0.7564102564102564,0.7572368421052631,0.7563702120664146,0.5134602757715037,17,0.7953947368421053
sub-021,3407,22,0.22607264518737794,0.7738690376281738,0.7564102564102564,0.7572368421052631,0.7563702120664146,0.5134602757715037,17,0.7953947368421053
sub-021,3407,23,0.2216672569513321,0.8101834505796432,0.7564102564102564,0.7572368421052631,0.7563702120664146,0.5134602757715037,17,0.7953947368421053
sub-021,3407,24,0.23186411261558532,0.813311368227005,0.7564102564102564,0.7572368421052631,0.7563702120664146,0.5134602757715037,17,0.7953947368421053
sub-021,3407,25,0.22612656950950621,0.7700564712285995,0.7435897435897436,0.7440789473684211,0.7435897435897436,0.48751642575558485,17,0.7953947368421053
sub-021,3407,26,0.20423690974712372,0.7138488292694092,0.7435897435897436,0.7440789473684211,0.7435897435897436,0.48751642575558485,17,0.7953947368421053
sub-021,3407,27,0.20194188356399537,0.7463286966085434,0.7564102564102564,0.756578947368421,0.7563702120664146,0.5128205128205128,17,0.7953947368421053
sub-022,3407,1,0.7214002251625061,0.6866840124130249,0.6410256410256411,0.641025641025641,0.6407894736842106,0.28205128205128205,1,0.641025641025641
sub-022,3407,2,0.6252955794334412,0.6765391528606415,0.6410256410256411,0.6410256410256411,0.6410256410256411,0.28205128205128205,1,0.641025641025641
sub-022,3407,3,0.5813841938972473,0.7038031816482544,0.6538461538461539,0.6538461538461539,0.6537892487259576,0.3076923076923077,3,0.6538461538461539
sub-022,3407,4,0.5409864664077759,0.7864363193511963,0.6666666666666666,0.6666666666666666,0.6666666666666666,0.33333333333333337,4,0.6666666666666666
sub-022,3407,5,0.48344957232475283,0.9063395261764526,0.6923076923076923,0.6923076923076923,0.6921052631578948,0.3846153846153846,5,0.6923076923076923
sub-022,3407,6,0.49132736921310427,1.0093567371368408,0.717948717948718,0.717948717948718,0.717948717948718,0.4358974358974359,6,0.717948717948718
sub-022,3407,7,0.46982752680778506,1.057960420846939,0.717948717948718,0.717948717948718,0.717948717948718,0.4358974358974359,6,0.717948717948718
sub-022,3407,8,0.4622221827507019,1.084739089012146,0.717948717948718,0.717948717948718,0.717948717948718,0.4358974358974359,6,0.717948717948718
sub-022,3407,9,0.4341108798980713,1.0884551107883453,0.717948717948718,0.717948717948718,0.717948717948718,0.4358974358974359,6,0.717948717948718
sub-022,3407,10,0.43075214624404906,1.0973783135414124,0.717948717948718,0.717948717948718,0.717948717948718,0.4358974358974359,6,0.717948717948718
sub-022,3407,11,0.42496577501296995,1.0939018726348877,0.7564102564102564,0.7564102564102564,0.7563702120664146,0.5128205128205128,11,0.7564102564102564
sub-022,3407,12,0.43590272068977354,1.064377784729004,0.7435897435897436,0.7435897435897436,0.7435897435897436,0.4871794871794872,11,0.7564102564102564
sub-022,3407,13,0.40314162969589235,1.0581994652748108,0.7435897435897436,0.7435897435897436,0.743421052631579,0.4871794871794872,11,0.7564102564102564
sub-022,3407,14,0.4015201508998871,1.0349505841732025,0.7307692307692307,0.7307692307692308,0.7307249712313004,0.46153846153846156,11,0.7564102564102564
sub-022,3407,15,0.42036961317062377,1.0510125756263733,0.7307692307692307,0.7307692307692308,0.7307249712313004,0.46153846153846156,11,0.7564102564102564
sub-022,3407,16,0.400907164812088,1.034847617149353,0.717948717948718,0.717948717948718,0.717948717948718,0.4358974358974359,11,0.7564102564102564
sub-022,3407,17,0.38058056831359866,1.0343890488147736,0.7051282051282052,0.7051282051282051,0.7050797303961861,0.41025641025641024,11,0.7564102564102564
sub-022,3407,18,0.37974836826324465,1.0434178113937378,0.7051282051282052,0.7051282051282051,0.7050797303961861,0.41025641025641024,11,0.7564102564102564
sub-022,3407,19,0.38129029870033265,1.056567221879959,0.7307692307692307,0.7307692307692308,0.7307249712313004,0.46153846153846156,11,0.7564102564102564
sub-022,3407,20,0.3688526153564453,1.0645956993103027,0.7307692307692307,0.7307692307692308,0.7307249712313004,0.46153846153846156,11,0.7564102564102564
sub-022,3407,21,0.35688425302505494,1.0495519638061523,0.7564102564102564,0.7564102564102564,0.7560493827160494,0.5128205128205128,11,0.7564102564102564
sub-023,3407,1,0.6900970339775085,0.6814448237419128,0.5769230769230769,0.5684210526315789,0.519327731092437,0.13913043478260878,1,0.5684210526315789
sub-023,3407,2,0.6366587519645691,0.6404708325862885,0.6794871794871795,0.6763157894736842,0.6729833976186483,0.35473196558570486,2,0.6763157894736842
sub-023,3407,3,0.5954170823097229,0.5855560302734375,0.7692307692307693,0.7677631578947368,0.7678571428571428,0.5369393139841688,3,0.7677631578947368
sub-023,3407,4,0.5334850192070008,0.5336664468050003,0.7564102564102564,0.7559210526315789,0.7560493827160494,0.5121790651744569,3,0.7677631578947368
sub-023,3407,5,0.5449927687644959,0.49926893413066864,0.782051282051282,0.7815789473684212,0.7817283950617284,0.5635286372613562,5,0.7815789473684212
sub-023,3407,6,0.5013047099113465,0.48277078568935394,0.782051282051282,0.7809210526315788,0.7811520052813996,0.5629531970995385,5,0.7815789473684212
sub-023,3407,7,0.4546361744403839,0.4693978726863861,0.7564102564102564,0.7552631578947369,0.755405182373329,0.5115359261700725,5,0.7815789473684212
sub-023,3407,8,0.45313029885292055,0.4622587263584137,0.7692307692307693,0.7677631578947368,0.7678571428571428,0.5369393139841688,5,0.7815789473684212
sub-023,3407,9,0.43234761953353884,0.4497727155685425,0.782051282051282,0.7802631578947368,0.7802816901408451,0.5623762376237624,5,0.7815789473684212
sub-023,3407,10,0.41646398305892945,0.4461622089147568,0.782051282051282,0.7809210526315788,0.7811520052813996,0.5629531970995385,5,0.7815789473684212
sub-023,3407,11,0.4027416229248047,0.44012339413166046,0.8076923076923077,0.8072368421052631,0.8074074074074074,0.6148782093482554,11,0.8072368421052631
sub-023,3407,12,0.428742778301239,0.43058860301971436,0.8076923076923077,0.8065789473684211,0.8068988281894702,0.6143704680290046,11,0.8072368421052631
sub-023,3407,13,0.39594364166259766,0.42275823652744293,0.8333333333333334,0.8328947368421052,0.8330864197530864,0.6662277814351547,13,0.8328947368421052
sub-023,3407,14,0.37971292734146117,0.4284023344516754,0.8333333333333334,0.8322368421052632,0.8326456510975409,0.6657877389584707,13,0.8328947368421052
sub-023,3407,15,0.3911746501922607,0.43211686611175537,0.8205128205128205,0.819078947368421,0.8194444444444444,0.6398416886543535,13,0.8328947368421052
sub-023,3407,16,0.34345743656158445,0.4323315769433975,0.8205128205128205,0.819078947368421,0.8194444444444444,0.6398416886543535,13,0.8328947368421052
sub-023,3407,17,0.36658251881599424,0.42886535823345184,0.8333333333333334,0.8322368421052632,0.8326456510975409,0.6657877389584707,13,0.8328947368421052
sub-023,3407,18,0.3448535978794098,0.4267137348651886,0.8461538461538461,0.8453947368421053,0.8457481872116018,0.691699604743083,18,0.8453947368421053
sub-023,3407,19,0.34716291427612306,0.4275456666946411,0.8461538461538461,0.8453947368421053,0.8457481872116018,0.691699604743083,18,0.8453947368421053
sub-023,3407,20,0.345164367556572,0.4305610954761505,0.8589743589743589,0.8585526315789473,0.8587654320987654,0.717577353522054,20,0.8585526315789473
sub-023,3407,21,0.3129142850637436,0.43363648653030396,0.8461538461538461,0.8453947368421053,0.8457481872116018,0.691699604743083,20,0.8585526315789473
sub-023,3407,22,0.3067538797855377,0.44054947793483734,0.8205128205128205,0.8197368421052631,0.8200395517468688,0.6403162055335968,20,0.8585526315789473
sub-023,3407,23,0.3222652316093445,0.44264204800128937,0.8333333333333334,0.8328947368421052,0.8330864197530864,0.6662277814351547,20,0.8585526315789473
sub-023,3407,24,0.27623472511768343,0.447369322180748,0.8333333333333334,0.8328947368421052,0.8330864197530864,0.6662277814351547,20,0.8585526315789473
sub-023,3407,25,0.2744316697120667,0.45132024586200714,0.8205128205128205,0.8197368421052631,0.8200395517468688,0.6403162055335968,20,0.8585526315789473
sub-023,3407,26,0.2888209819793701,0.4553871601819992,0.8205128205128205,0.8197368421052631,0.8200395517468688,0.6403162055335968,20,0.8585526315789473
sub-023,3407,27,0.28917166590690613,0.46491482853889465,0.8205128205128205,0.8197368421052631,0.8200395517468688,0.6403162055335968,20,0.8585526315789473
sub-023,3407,28,0.27641610205173495,0.46806421875953674,0.8205128205128205,0.8197368421052631,0.8200395517468688,0.6403162055335968,20,0.8585526315789473
sub-023,3407,29,0.2682712584733963,0.4696852117776871,0.8205128205128205,0.8197368421052631,0.8200395517468688,0.6403162055335968,20,0.8585526315789473
sub-023,3407,30,0.26819961965084077,0.4618314802646637,0.8205128205128205,0.8197368421052631,0.8200395517468688,0.6403162055335968,20,0.8585526315789473
sub-024,3407,1,0.6964245796203613,0.7030307352542877,0.4852941176470588,0.4852941176470589,0.4761171032357473,-0.02941176470588225,1,0.4852941176470589
sub-024,3407,2,0.6845550775527954,0.7102055847644806,0.5,0.5,0.4929824561403509,0.0,2,0.5
sub-024,3407,3,0.6617740750312805,0.719042032957077,0.5147058823529411,0.5147058823529411,0.5095081967213115,0.02941176470588236,3,0.5147058823529411
sub-024,3407,4,0.6526636242866516,0.7436732649803162,0.5441176470588235,0.5441176470588236,0.5318676437930269,0.08823529411764708,4,0.5441176470588236
sub-024,3407,5,0.6292995691299439,0.7665828466415405,0.5,0.5,0.49607672188317353,0.0,4,0.5441176470588236
sub-024,3407,6,0.6282714366912842,0.7836504876613617,0.5147058823529411,0.5147058823529411,0.5095081967213115,0.02941176470588236,4,0.5441176470588236
sub-024,3407,7,0.6052794814109802,0.7855823934078217,0.47058823529411764,0.47058823529411764,0.46875,-0.05882352941176472,4,0.5441176470588236
sub-024,3407,8,0.6028260111808776,0.7906639873981476,0.4852941176470588,0.4852941176470588,0.48429035752979416,-0.02941176470588225,4,0.5441176470588236
sub-024,3407,9,0.57267826795578,0.807344526052475,0.47058823529411764,0.47058823529411764,0.46875,-0.05882352941176472,4,0.5441176470588236
sub-024,3407,10,0.5887495636940002,0.8396223187446594,0.47058823529411764,0.47058823529411764,0.46875,-0.05882352941176472,4,0.5441176470588236
sub-024,3407,11,0.5564561247825622,0.8648461103439331,0.47058823529411764,0.47058823529411764,0.46875,-0.05882352941176472,4,0.5441176470588236
sub-024,3407,12,0.5745752692222595,0.8906370997428894,0.4852941176470588,0.4852941176470588,0.48429035752979416,-0.02941176470588225,4,0.5441176470588236
sub-024,3407,13,0.5529085755348205,0.9029133319854736,0.45588235294117646,0.45588235294117646,0.45292454881495975,-0.08823529411764697,4,0.5441176470588236
sub-024,3407,14,0.545544010400772,0.9048165380954742,0.45588235294117646,0.45588235294117646,0.45292454881495975,-0.08823529411764697,4,0.5441176470588236
sub-025,3407,1,0.7273027539253235,0.6835910677909851,0.547945205479452,0.5525525525525525,0.49316221333894383,0.1041279285979918,1,0.5525525525525525
sub-025,3407,2,0.7294145941734314,0.6891613006591797,0.4794520547945205,0.4831081081081081,0.4416264090177134,-0.03353204172876301,1,0.5525525525525525
sub-025,3407,3,0.6907130241394043,0.7003723382949829,0.4794520547945205,0.4816066066066066,0.467357910906298,-0.03662182361733923,1,0.5525525525525525
sub-025,3407,4,0.7012692809104919,0.7118558287620544,0.4520547945205479,0.4530780780780781,0.44947209653092,-0.09363295880149813,1,0.5525525525525525
sub-025,3407,5,0.6857489347457886,0.7237789332866669,0.4931506849315068,0.49436936936936937,0.4897033818250519,-0.011231748408835784,1,0.5525525525525525
sub-025,3407,6,0.6454874157905579,0.7310544550418854,0.4794520547945205,0.4808558558558559,0.4746212121212121,-0.038173652694610816,1,0.5525525525525525
sub-025,3407,7,0.647583270072937,0.7513945996761322,0.4931506849315068,0.49361861861861867,0.4927699530516432,-0.012748406449193839,1,0.5525525525525525
sub-025,3407,8,0.6369456291198731,0.7624228596687317,0.4794520547945205,0.4801051051051051,0.47857142857142854,-0.039730134932533856,1,0.5525525525525525
sub-025,3407,9,0.630826210975647,0.7735004723072052,0.4794520547945205,0.4797297297297297,0.47935435435435436,-0.04051012753188288,1,0.5525525525525525
sub-025,3407,10,0.6004705429077148,0.7834056317806244,0.4383561643835616,0.4388138138138138,0.43793427230046944,-0.12223472065991747,1,0.5525525525525525
sub-025,3407,11,0.6219472050666809,0.7999004423618317,0.4657534246575342,0.46621621621621623,0.46535211267605636,-0.06749156355455566,1,0.5525525525525525
